DateTime,Aasu_RNF_in,Poloa_RNF_in,Vaipito_RNF_in
7/21/2015 14:30,0,0.02,0
7/21/2015 14:45,0,0,0
7/21/2015 15:00,0,0,0
7/21/2015 15:15,0,0,0
7/21/2015 15:30,0,0,0
7/21/2015 15:45,0,0,0
7/21/2015 16:00,0,0,0
7/21/2015 16:15,0,0,0
7/21/2015 16:30,0,0,0
7/21/2015 16:45,0,0,0
7/21/2015 17:00,0,0,0
7/21/2015 17:15,0,0,0
7/21/2015 17:30,0,0,0
7/21/2015 17:45,0,0,0
7/21/2015 18:00,0,0,0
7/21/2015 18:15,0,0,0
7/21/2015 18:30,0,0,0
7/21/2015 18:45,0,0,0
7/21/2015 19:00,0,0,0
7/21/2015 19:15,0,0,0
7/21/2015 19:30,0,0,0
7/21/2015 19:45,0,0,0
7/21/2015 20:00,0,0,0
7/21/2015 20:15,0,0,0
7/21/2015 20:30,0,0,0
7/21/2015 20:45,0,0,0.02
7/21/2015 21:00,0,0,0
7/21/2015 21:15,0,0,0
7/21/2015 21:30,0.01,0,0
7/21/2015 21:45,0,0,0
7/21/2015 22:00,0,0,0
7/21/2015 22:15,0,0,0.01
7/21/2015 22:30,0,0,0.01
7/21/2015 22:45,0,0,0.05
7/21/2015 23:00,0,0,0.01
7/21/2015 23:15,0,0,0
7/21/2015 23:30,0,0,0
7/21/2015 23:45,0,0,0
7/22/2015 0:00,0,0,0
7/22/2015 0:15,0,0,0
7/22/2015 0:30,0,0,0
7/22/2015 0:45,0,0,0
7/22/2015 1:00,0,0,0
7/22/2015 1:15,0,0,0
7/22/2015 1:30,0.04,0,0
7/22/2015 1:45,0,0.01,0
7/22/2015 2:00,0,0,0
7/22/2015 2:15,0,0,0
7/22/2015 2:30,0,0,0.01
7/22/2015 2:45,0,0,0
7/22/2015 3:00,0.02,0,0
7/22/2015 3:15,0.01,0.02,0.01
7/22/2015 3:30,0,0,0
7/22/2015 3:45,0.03,0.01,0
7/22/2015 4:00,0,0,0
7/22/2015 4:15,0,0,0
7/22/2015 4:30,0,0.03,0
7/22/2015 4:45,0.05,0.01,0
7/22/2015 5:00,0,0,0.01
7/22/2015 5:15,0,0.01,0
7/22/2015 5:30,0,0,0.03
7/22/2015 5:45,0.01,0,0.05
7/22/2015 6:00,0,0,0.01
7/22/2015 6:15,0.01,0,0
7/22/2015 6:30,0,0,0
7/22/2015 6:45,0,0,0.05
7/22/2015 7:00,0,0,0
7/22/2015 7:15,0,0.01,0
7/22/2015 7:30,0,0,0.01
7/22/2015 7:45,0,0,0.09
7/22/2015 8:00,0.04,0,0.02
7/22/2015 8:15,0.02,0,0
7/22/2015 8:30,0.01,0,0
7/22/2015 8:45,0.01,0,0.04
7/22/2015 9:00,0.01,0,0.01
7/22/2015 9:15,0,0.03,0
7/22/2015 9:30,0.01,0,0
7/22/2015 9:45,0,0.04,0.03
7/22/2015 10:00,0.02,0.02,0
7/22/2015 10:15,0.01,0,0
7/22/2015 10:30,0,0,0
7/22/2015 10:45,0,0,0
7/22/2015 11:00,0.01,0,0
7/22/2015 11:15,0.02,0,0
7/22/2015 11:30,0.01,0.03,0
7/22/2015 11:45,0,0,0
7/22/2015 12:00,0,0,0
7/22/2015 12:15,0,0,0
7/22/2015 12:30,0,0,0
7/22/2015 12:45,0,0,0
7/22/2015 13:00,0,0,0
7/22/2015 13:15,0,0,0
7/22/2015 13:30,0,0,0
7/22/2015 13:45,0,0,0
7/22/2015 14:00,0,0,0
7/22/2015 14:15,0,0,0
7/22/2015 14:30,0,0,0
7/22/2015 14:45,0,0,0
7/22/2015 15:00,0,0,0
7/22/2015 15:15,0,0,0
7/22/2015 15:30,0,0,0.01
7/22/2015 15:45,0,0,0
7/22/2015 16:00,0,0,0
7/22/2015 16:15,0.01,0,0
7/22/2015 16:30,0,0,0
7/22/2015 16:45,0,0,0
7/22/2015 17:00,0,0,0
7/22/2015 17:15,0.04,0,0
7/22/2015 17:30,0,0,0
7/22/2015 17:45,0,0,0
7/22/2015 18:00,0,0,0
7/22/2015 18:15,0,0,0
7/22/2015 18:30,0,0,0
7/22/2015 18:45,0,0,0
7/22/2015 19:00,0.01,0,0
7/22/2015 19:15,0,0,0.02
7/22/2015 19:30,0,0,0
7/22/2015 19:45,0,0,0
7/22/2015 20:00,0,0,0
7/22/2015 20:15,0,0,0
7/22/2015 20:30,0,0,0
7/22/2015 20:45,0,0,0
7/22/2015 21:00,0,0,0
7/22/2015 21:15,0,0,0
7/22/2015 21:30,0,0,0
7/22/2015 21:45,0,0,0
7/22/2015 22:00,0,0,0
7/22/2015 22:15,0,0,0
7/22/2015 22:30,0,0,0
7/22/2015 22:45,0,0,0
7/22/2015 23:00,0,0,0
7/22/2015 23:15,0,0,0
7/22/2015 23:30,0,0,0
7/22/2015 23:45,0,0,0
7/23/2015 0:00,0,0,0
7/23/2015 0:15,0,0,0
7/23/2015 0:30,0,0,0
7/23/2015 0:45,0,0,0
7/23/2015 1:00,0,0,0
7/23/2015 1:15,0,0,0
7/23/2015 1:30,0.01,0,0
7/23/2015 1:45,0,0,0
7/23/2015 2:00,0,0,0
7/23/2015 2:15,0,0,0
7/23/2015 2:30,0,0,0
7/23/2015 2:45,0,0,0
7/23/2015 3:00,0,0,0
7/23/2015 3:15,0,0,0
7/23/2015 3:30,0.02,0,0
7/23/2015 3:45,0,0,0
7/23/2015 4:00,0,0,0
7/23/2015 4:15,0.01,0,0
7/23/2015 4:30,0,0,0
7/23/2015 4:45,0,0,0
7/23/2015 5:00,0,0,0
7/23/2015 5:15,0,0,0
7/23/2015 5:30,0,0,0
7/23/2015 5:45,0,0,0
7/23/2015 6:00,0,0,0
7/23/2015 6:15,0,0,0
7/23/2015 6:30,0,0,0
7/23/2015 6:45,0,0,0
7/23/2015 7:00,0,0,0
7/23/2015 7:15,0,0,0
7/23/2015 7:30,0,0,0
7/23/2015 7:45,0,0,0
7/23/2015 8:00,0,0,0
7/23/2015 8:15,0,0,0
7/23/2015 8:30,0,0,0
7/23/2015 8:45,0,0,0
7/23/2015 9:00,0,0,0
7/23/2015 9:15,0,0,0
7/23/2015 9:30,0,0,0
7/23/2015 9:45,0,0,0
7/23/2015 10:00,0,0,0
7/23/2015 10:15,0,0,0
7/23/2015 10:30,0,0,0
7/23/2015 10:45,0,0,0
7/23/2015 11:00,0,0,0
7/23/2015 11:15,0,0,0
7/23/2015 11:30,0,0,0
7/23/2015 11:45,0,0,0
7/23/2015 12:00,0,0,0
7/23/2015 12:15,0,0,0
7/23/2015 12:30,0,0,0
7/23/2015 12:45,0,0,0
7/23/2015 13:00,0,0,0
7/23/2015 13:15,0,0,0
7/23/2015 13:30,0,0,0
7/23/2015 13:45,0,0,0
7/23/2015 14:00,0,0,0
7/23/2015 14:15,0,0,0
7/23/2015 14:30,0,0,0
7/23/2015 14:45,0,0,0
7/23/2015 15:00,0,0,0
7/23/2015 15:15,0,0,0
7/23/2015 15:30,0,0,0
7/23/2015 15:45,0,0,0
7/23/2015 16:00,0,0,0
7/23/2015 16:15,0,0,0
7/23/2015 16:30,0,0,0
7/23/2015 16:45,0,0,0
7/23/2015 17:00,0,0,0
7/23/2015 17:15,0,0,0
7/23/2015 17:30,0,0,0
7/23/2015 17:45,0,0,0
7/23/2015 18:00,0,0,0
7/23/2015 18:15,0,0,0
7/23/2015 18:30,0,0,0
7/23/2015 18:45,0,0,0
7/23/2015 19:00,0,0,0
7/23/2015 19:15,0,0,0
7/23/2015 19:30,0,0,0
7/23/2015 19:45,0,0,0
7/23/2015 20:00,0,0,0
7/23/2015 20:15,0,0,0
7/23/2015 20:30,0,0,0
7/23/2015 20:45,0,0,0
7/23/2015 21:00,0,0,0.01
7/23/2015 21:15,0,0,0
7/23/2015 21:30,0,0,0
7/23/2015 21:45,0,0,0
7/23/2015 22:00,0,0,0
7/23/2015 22:15,0,0,0
7/23/2015 22:30,0,0,0
7/23/2015 22:45,0,0,0
7/23/2015 23:00,0,0,0
7/23/2015 23:15,0,0,0
7/23/2015 23:30,0,0,0
7/23/2015 23:45,0,0,0
7/24/2015 0:00,0.01,0,0.02
7/24/2015 0:15,0,0,0
7/24/2015 0:30,0,0,0
7/24/2015 0:45,0,0,0
7/24/2015 1:00,0,0,0
7/24/2015 1:15,0,0,0
7/24/2015 1:30,0,0,0
7/24/2015 1:45,0,0,0
7/24/2015 2:00,0,0,0
7/24/2015 2:15,0.01,0,0
7/24/2015 2:30,0,0,0
7/24/2015 2:45,0,0,0
7/24/2015 3:00,0,0,0
7/24/2015 3:15,0,0,0
7/24/2015 3:30,0,0,0
7/24/2015 3:45,0,0,0
7/24/2015 4:00,0,0,0
7/24/2015 4:15,0,0,0
7/24/2015 4:30,0,0,0
7/24/2015 4:45,0,0.02,0
7/24/2015 5:00,0,0,0
7/24/2015 5:15,0,0,0
7/24/2015 5:30,0,0,0
7/24/2015 5:45,0,0,0
7/24/2015 6:00,0,0,0
7/24/2015 6:15,0,0,0
7/24/2015 6:30,0,0,0
7/24/2015 6:45,0,0,0
7/24/2015 7:00,0,0,0
7/24/2015 7:15,0,0,0
7/24/2015 7:30,0,0,0
7/24/2015 7:45,0,0,0
7/24/2015 8:00,0,0,0
7/24/2015 8:15,0,0,0
7/24/2015 8:30,0,0,0
7/24/2015 8:45,0,0,0
7/24/2015 9:00,0,0,0
7/24/2015 9:15,0,0,0
7/24/2015 9:30,0,0,0
7/24/2015 9:45,0,0,0
7/24/2015 10:00,0,0,0
7/24/2015 10:15,0.01,0,0
7/24/2015 10:30,0,0,0
7/24/2015 10:45,0,0,0
7/24/2015 11:00,0,0,0
7/24/2015 11:15,0,0,0
7/24/2015 11:30,0,0,0
7/24/2015 11:45,0,0,0
7/24/2015 12:00,0,0,0
7/24/2015 12:15,0,0,0
7/24/2015 12:30,0,0,0
7/24/2015 12:45,0,0,0
7/24/2015 13:00,0,0,0
7/24/2015 13:15,0,0,0
7/24/2015 13:30,0,0,0.01
7/24/2015 13:45,0,0,0
7/24/2015 14:00,0,0,0
7/24/2015 14:15,0,0,0
7/24/2015 14:30,0,0,0
7/24/2015 14:45,0,0,0
7/24/2015 15:00,0.01,0,0
7/24/2015 15:15,0,0,0
7/24/2015 15:30,0,0,0
7/24/2015 15:45,0,0,0
7/24/2015 16:00,0,0,0
7/24/2015 16:15,0,0,0
7/24/2015 16:30,0,0,0
7/24/2015 16:45,0,0,0.01
7/24/2015 17:00,0,0,0
7/24/2015 17:15,0,0,0
7/24/2015 17:30,0,0,0
7/24/2015 17:45,0,0,0
7/24/2015 18:00,0,0,0
7/24/2015 18:15,0,0,0.05
7/24/2015 18:30,0,0,0
7/24/2015 18:45,0,0,0
7/24/2015 19:00,0,0,0
7/24/2015 19:15,0,0,0
7/24/2015 19:30,0,0,0
7/24/2015 19:45,0,0,0
7/24/2015 20:00,0,0,0
7/24/2015 20:15,0,0,0
7/24/2015 20:30,0,0,0
7/24/2015 20:45,0,0,0
7/24/2015 21:00,0,0,0
7/24/2015 21:15,0.01,0,0
7/24/2015 21:30,0,0,0
7/24/2015 21:45,0,0,0
7/24/2015 22:00,0,0,0
7/24/2015 22:15,0,0,0
7/24/2015 22:30,0,0,0
7/24/2015 22:45,0,0,0
7/24/2015 23:00,0,0,0
7/24/2015 23:15,0,0,0
7/24/2015 23:30,0,0,0
7/24/2015 23:45,0,0,0
7/25/2015 0:00,0,0,0
7/25/2015 0:15,0,0,0
7/25/2015 0:30,0,0,0
7/25/2015 0:45,0,0,0.01
7/25/2015 1:00,0,0,0
7/25/2015 1:15,0,0,0
7/25/2015 1:30,0,0,0
7/25/2015 1:45,0,0,0
7/25/2015 2:00,0,0,0
7/25/2015 2:15,0,0,0
7/25/2015 2:30,0,0,0
7/25/2015 2:45,0,0,0
7/25/2015 3:00,0,0,0
7/25/2015 3:15,0,0,0
7/25/2015 3:30,0,0,0
7/25/2015 3:45,0,0,0
7/25/2015 4:00,0,0,0
7/25/2015 4:15,0,0,0
7/25/2015 4:30,0,0,0
7/25/2015 4:45,0,0,0
7/25/2015 5:00,0.02,0,0
7/25/2015 5:15,0,0.05,0
7/25/2015 5:30,0,0.01,0
7/25/2015 5:45,0,0,0.03
7/25/2015 6:00,0,0.03,0
7/25/2015 6:15,0,0,0
7/25/2015 6:30,0,0,0
7/25/2015 6:45,0,0.01,0
7/25/2015 7:00,0,0,0
7/25/2015 7:15,0,0,0
7/25/2015 7:30,0,0,0
7/25/2015 7:45,0.01,0,0
7/25/2015 8:00,0,0,0
7/25/2015 8:15,0,0,0
7/25/2015 8:30,0,0,0
7/25/2015 8:45,0,0,0
7/25/2015 9:00,0.01,0,0
7/25/2015 9:15,0,0,0
7/25/2015 9:30,0,0,0
7/25/2015 9:45,0,0,0
7/25/2015 10:00,0,0,0
7/25/2015 10:15,0,0,0
7/25/2015 10:30,0,0,0
7/25/2015 10:45,0,0,0
7/25/2015 11:00,0,0,0
7/25/2015 11:15,0,0,0.01
7/25/2015 11:30,0,0,0.01
7/25/2015 11:45,0,0,0
7/25/2015 12:00,0,0,0
7/25/2015 12:15,0,0,0
7/25/2015 12:30,0,0,0
7/25/2015 12:45,0,0,0
7/25/2015 13:00,0.01,0,0
7/25/2015 13:15,0.01,0,0
7/25/2015 13:30,0,0,0
7/25/2015 13:45,0.02,0,0
7/25/2015 14:00,0,0,0
7/25/2015 14:15,0.01,0,0
7/25/2015 14:30,0,0,0
7/25/2015 14:45,0,0,0
7/25/2015 15:00,0,0,0
7/25/2015 15:15,0,0,0
7/25/2015 15:30,0,0,0
7/25/2015 15:45,0,0,0
7/25/2015 16:00,0.01,0,0
7/25/2015 16:15,0,0,0
7/25/2015 16:30,0,0,0
7/25/2015 16:45,0,0,0
7/25/2015 17:00,0,0,0
7/25/2015 17:15,0,0,0.01
7/25/2015 17:30,0,0,0
7/25/2015 17:45,0,0,0
7/25/2015 18:00,0,0,0
7/25/2015 18:15,0,0,0
7/25/2015 18:30,0,0,0.04
7/25/2015 18:45,0,0,0.02
7/25/2015 19:00,0,0,0
7/25/2015 19:15,0,0,0.02
7/25/2015 19:30,0,0,0.01
7/25/2015 19:45,0,0,0.01
7/25/2015 20:00,0.03,0,0.01
7/25/2015 20:15,0,0,0
7/25/2015 20:30,0,0,0
7/25/2015 20:45,0.01,0,0
7/25/2015 21:00,0,0.01,0.01
7/25/2015 21:15,0,0.01,0
7/25/2015 21:30,0,0,0
7/25/2015 21:45,0,0,0.01
7/25/2015 22:00,0,0,0.05
7/25/2015 22:15,0,0,0.01
7/25/2015 22:30,0,0,0.04
7/25/2015 22:45,0,0,0.13
7/25/2015 23:00,0.1,0,0.07
7/25/2015 23:15,0,0.11,0.14
7/25/2015 23:30,0.01,0,0.02
7/25/2015 23:45,0.01,0,0.1
7/26/2015 0:00,0.05,0,0
7/26/2015 0:15,0,0.05,0.01
7/26/2015 0:30,0,0,0
7/26/2015 0:45,0,0,0
7/26/2015 1:00,0,0,0
7/26/2015 1:15,0,0,0
7/26/2015 1:30,0,0,0.1
7/26/2015 1:45,0.06,0,0.03
7/26/2015 2:00,0.01,0,0.01
7/26/2015 2:15,0,0,0
7/26/2015 2:30,0,0.01,0
7/26/2015 2:45,0,0,0
7/26/2015 3:00,0,0,0.01
7/26/2015 3:15,0,0,0.01
7/26/2015 3:30,0.01,0,0
7/26/2015 3:45,0,0,0
7/26/2015 4:00,0,0.09,0
7/26/2015 4:15,0,0,0
7/26/2015 4:30,0.02,0,0
7/26/2015 4:45,0.01,0.02,0
7/26/2015 5:00,0.01,0.01,0
7/26/2015 5:15,0,0.01,0
7/26/2015 5:30,0,0,0
7/26/2015 5:45,0,0,0
7/26/2015 6:00,0,0,0
7/26/2015 6:15,0.01,0,0.01
7/26/2015 6:30,0,0.06,0
7/26/2015 6:45,0.03,0.02,0
7/26/2015 7:00,0,0.02,0
7/26/2015 7:15,0,0,0
7/26/2015 7:30,0,0,0
7/26/2015 7:45,0,0,0
7/26/2015 8:00,0,0,0
7/26/2015 8:15,0.03,0,0.01
7/26/2015 8:30,0.01,0,0
7/26/2015 8:45,0,0,0
7/26/2015 9:00,0,0.02,0
7/26/2015 9:15,0,0,0
7/26/2015 9:30,0.01,0,0
7/26/2015 9:45,0,0,0
7/26/2015 10:00,0,0,0.01
7/26/2015 10:15,0,0,0.03
7/26/2015 10:30,0,0.01,0.04
7/26/2015 10:45,0.07,0,0
7/26/2015 11:00,0,0.01,0
7/26/2015 11:15,0,0,0
7/26/2015 11:30,0,0,0
7/26/2015 11:45,0,0,0.04
7/26/2015 12:00,0.05,0.01,0
7/26/2015 12:15,0,0.01,0
7/26/2015 12:30,0,0,0
7/26/2015 12:45,0,0,0
7/26/2015 13:00,0,0,0.06
7/26/2015 13:15,0.01,0,0
7/26/2015 13:30,0,0,0.01
7/26/2015 13:45,0,0.04,0
7/26/2015 14:00,0,0,0
7/26/2015 14:15,0,0,0
7/26/2015 14:30,0,0,0
7/26/2015 14:45,0.01,0,0
7/26/2015 15:00,0.03,0,0
7/26/2015 15:15,0.03,0,0
7/26/2015 15:30,0,0,0
7/26/2015 15:45,0,0,0
7/26/2015 16:00,0.01,0,0.02
7/26/2015 16:15,0.04,0,0
7/26/2015 16:30,0.01,0,0
7/26/2015 16:45,0,0,0
7/26/2015 17:00,0.03,0.02,0.01
7/26/2015 17:15,0.01,0.02,0
7/26/2015 17:30,0,0,0
7/26/2015 17:45,0,0,0
7/26/2015 18:00,0,0,0
7/26/2015 18:15,0.1,0,0
7/26/2015 18:30,0.01,0.02,0
7/26/2015 18:45,0.02,0,0
7/26/2015 19:00,0.04,0,0
7/26/2015 19:15,0.01,0.03,0.01
7/26/2015 19:30,0,0,0.01
7/26/2015 19:45,0,0.02,0
7/26/2015 20:00,0,0,0
7/26/2015 20:15,0,0,0.01
7/26/2015 20:30,0.01,0,0
7/26/2015 20:45,0.05,0,0
7/26/2015 21:00,0,0.03,0.02
7/26/2015 21:15,0.03,0,0.04
7/26/2015 21:30,0.03,0.02,0.01
7/26/2015 21:45,0,0.02,0
7/26/2015 22:00,0.01,0.02,0
7/26/2015 22:15,0,0,0
7/26/2015 22:30,0,0,0.02
7/26/2015 22:45,0,0,0
7/26/2015 23:00,0,0,0
7/26/2015 23:15,0,0,0
7/26/2015 23:30,0,0.09,0
7/26/2015 23:45,0,0,0
7/27/2015 0:00,0,0,0
7/27/2015 0:15,0,0,0
7/27/2015 0:30,0,0,0
7/27/2015 0:45,0,0,0
7/27/2015 1:00,0,0,0
7/27/2015 1:15,0,0,0.01
7/27/2015 1:30,0.03,0,0
7/27/2015 1:45,0,0.06,0
7/27/2015 2:00,0,0,0
7/27/2015 2:15,0,0,0
7/27/2015 2:30,0,0,0
7/27/2015 2:45,0,0,0
7/27/2015 3:00,0,0,0
7/27/2015 3:15,0,0.01,0
7/27/2015 3:30,0,0,0
7/27/2015 3:45,0,0,0.01
7/27/2015 4:00,0,0,0
7/27/2015 4:15,0.07,0,0
7/27/2015 4:30,0.01,0.04,0
7/27/2015 4:45,0,0,0
7/27/2015 5:00,0,0,0.01
7/27/2015 5:15,0.01,0.01,0
7/27/2015 5:30,0.04,0.01,0
7/27/2015 5:45,0,0.01,0
7/27/2015 6:00,0,0,0
7/27/2015 6:15,0,0,0
7/27/2015 6:30,0.01,0,0
7/27/2015 6:45,0,0,0.02
7/27/2015 7:00,0,0,0
7/27/2015 7:15,0,0,0
7/27/2015 7:30,0,0,0
7/27/2015 7:45,0.01,0,0
7/27/2015 8:00,0,0.01,0
7/27/2015 8:15,0,0,0
7/27/2015 8:30,0,0,0.01
7/27/2015 8:45,0.05,0,0
7/27/2015 9:00,0,0,0
7/27/2015 9:15,0,0,0
7/27/2015 9:30,0.01,0,0
7/27/2015 9:45,0,0,0
7/27/2015 10:00,0,0,0
7/27/2015 10:15,0,0,0
7/27/2015 10:30,0,0,0
7/27/2015 10:45,0,0,0
7/27/2015 11:00,0,0,0
7/27/2015 11:15,0,0,0
7/27/2015 11:30,0,0,0
7/27/2015 11:45,0,0,0
7/27/2015 12:00,0,0,0
7/27/2015 12:15,0,0,0
7/27/2015 12:30,0,0,0
7/27/2015 12:45,0,0,0
7/27/2015 13:00,0,0,0
7/27/2015 13:15,0,0,0.04
7/27/2015 13:30,0.04,0,0.02
7/27/2015 13:45,0.01,0,0
7/27/2015 14:00,0,0,0
7/27/2015 14:15,0,0,0
7/27/2015 14:30,0,0,0
7/27/2015 14:45,0,0,0
7/27/2015 15:00,0,0,0
7/27/2015 15:15,0,0,0
7/27/2015 15:30,0,0,0
7/27/2015 15:45,0,0,0
7/27/2015 16:00,0,0,0
7/27/2015 16:15,0,0,0
7/27/2015 16:30,0,0,0
7/27/2015 16:45,0,0,0
7/27/2015 17:00,0,0,0
7/27/2015 17:15,0,0,0
7/27/2015 17:30,0,0,0
7/27/2015 17:45,0,0,0
7/27/2015 18:00,0,0,0
7/27/2015 18:15,0,0,0
7/27/2015 18:30,0,0,0
7/27/2015 18:45,0,0,0
7/27/2015 19:00,0,0,0
7/27/2015 19:15,0,0,0
7/27/2015 19:30,0,0,0
7/27/2015 19:45,0,0,0
7/27/2015 20:00,0,0,0
7/27/2015 20:15,0,0,0
7/27/2015 20:30,0,0,0
7/27/2015 20:45,0,0,0
7/27/2015 21:00,0,0,0
7/27/2015 21:15,0,0,0
7/27/2015 21:30,0,0,0
7/27/2015 21:45,0,0,0
7/27/2015 22:00,0,0,0
7/27/2015 22:15,0,0,0
7/27/2015 22:30,0,0,0
7/27/2015 22:45,0,0,0
7/27/2015 23:00,0,0,0
7/27/2015 23:15,0,0,0.03
7/27/2015 23:30,0,0,0
7/27/2015 23:45,0,0,0
7/28/2015 0:00,0,0,0
7/28/2015 0:15,0,0,0
7/28/2015 0:30,0,0,0
7/28/2015 0:45,0,0,0
7/28/2015 1:00,0,0,0
7/28/2015 1:15,0,0,0
7/28/2015 1:30,0,0,0
7/28/2015 1:45,0,0,0
7/28/2015 2:00,0,0,0
7/28/2015 2:15,0,0,0
7/28/2015 2:30,0,0,0
7/28/2015 2:45,0,0,0
7/28/2015 3:00,0,0,0
7/28/2015 3:15,0,0.01,0
7/28/2015 3:30,0,0,0
7/28/2015 3:45,0,0,0
7/28/2015 4:00,0,0,0
7/28/2015 4:15,0,0,0
7/28/2015 4:30,0,0,0
7/28/2015 4:45,0,0,0
7/28/2015 5:00,0,0,0
7/28/2015 5:15,0,0,0
7/28/2015 5:30,0,0,0
7/28/2015 5:45,0,0,0
7/28/2015 6:00,0,0,0
7/28/2015 6:15,0,0,0
7/28/2015 6:30,0,0,0
7/28/2015 6:45,0,0,0
7/28/2015 7:00,0,0,0
7/28/2015 7:15,0,0,0
7/28/2015 7:30,0,0,0
7/28/2015 7:45,0,0,0
7/28/2015 8:00,0,0,0
7/28/2015 8:15,0,0,0
7/28/2015 8:30,0,0,0
7/28/2015 8:45,0,0,0
7/28/2015 9:00,0,0,0
7/28/2015 9:15,0,0,0
7/28/2015 9:30,0,0,0
7/28/2015 9:45,0,0,0
7/28/2015 10:00,0,0,0
7/28/2015 10:15,0,0,0
7/28/2015 10:30,0,0,0
7/28/2015 10:45,0,0,0
7/28/2015 11:00,0,0,0
7/28/2015 11:15,0,0,0
7/28/2015 11:30,0,0,0
7/28/2015 11:45,0,0,0
7/28/2015 12:00,0,0,0
7/28/2015 12:15,0,0,0
7/28/2015 12:30,0,0,0
7/28/2015 12:45,0,0,0
7/28/2015 13:00,0,0,0
7/28/2015 13:15,0,0,0
7/28/2015 13:30,0,0,0
7/28/2015 13:45,0,0,0
7/28/2015 14:00,0,0,0
7/28/2015 14:15,0,0,0
7/28/2015 14:30,0,0,0
7/28/2015 14:45,0,0,0
7/28/2015 15:00,0,0,0
7/28/2015 15:15,0,0,0
7/28/2015 15:30,0,0,0
7/28/2015 15:45,0,0,0
7/28/2015 16:00,0,0,0
7/28/2015 16:15,0,0,0
7/28/2015 16:30,0,0,0
7/28/2015 16:45,0,0,0
7/28/2015 17:00,0,0,0
7/28/2015 17:15,0,0,0
7/28/2015 17:30,0,0,0
7/28/2015 17:45,0,0,0
7/28/2015 18:00,0,0,0
7/28/2015 18:15,0,0,0
7/28/2015 18:30,0,0,0
7/28/2015 18:45,0,0,0
7/28/2015 19:00,0,0,0
7/28/2015 19:15,0,0,0
7/28/2015 19:30,0,0,0
7/28/2015 19:45,0,0,0
7/28/2015 20:00,0,0,0
7/28/2015 20:15,0,0,0
7/28/2015 20:30,0,0,0
7/28/2015 20:45,0,0,0
7/28/2015 21:00,0,0,0
7/28/2015 21:15,0,0,0
7/28/2015 21:30,0,0,0
7/28/2015 21:45,0,0,0
7/28/2015 22:00,0,0,0
7/28/2015 22:15,0,0,0
7/28/2015 22:30,0,0,0
7/28/2015 22:45,0,0,0
7/28/2015 23:00,0,0,0
7/28/2015 23:15,0,0,0
7/28/2015 23:30,0,0,0
7/28/2015 23:45,0,0,0
7/29/2015 0:00,0,0,0
7/29/2015 0:15,0,0,0
7/29/2015 0:30,0,0,0
7/29/2015 0:45,0,0,0
7/29/2015 1:00,0,0,0
7/29/2015 1:15,0,0,0
7/29/2015 1:30,0,0,0
7/29/2015 1:45,0,0,0
7/29/2015 2:00,0,0,0
7/29/2015 2:15,0,0,0
7/29/2015 2:30,0,0,0
7/29/2015 2:45,0,0,0
7/29/2015 3:00,0,0,0
7/29/2015 3:15,0,0,0
7/29/2015 3:30,0,0,0
7/29/2015 3:45,0,0,0
7/29/2015 4:00,0,0,0
7/29/2015 4:15,0,0,0
7/29/2015 4:30,0,0,0
7/29/2015 4:45,0,0,0
7/29/2015 5:00,0,0,0
7/29/2015 5:15,0,0,0
7/29/2015 5:30,0,0,0
7/29/2015 5:45,0,0,0
7/29/2015 6:00,0,0,0
7/29/2015 6:15,0,0,0
7/29/2015 6:30,0,0,0
7/29/2015 6:45,0,0,0
7/29/2015 7:00,0,0,0
7/29/2015 7:15,0,0,0
7/29/2015 7:30,0,0,0
7/29/2015 7:45,0,0,0
7/29/2015 8:00,0,0,0
7/29/2015 8:15,0,0,0
7/29/2015 8:30,0,0,0
7/29/2015 8:45,0,0,0
7/29/2015 9:00,0,0,0
7/29/2015 9:15,0,0,0
7/29/2015 9:30,0,0,0
7/29/2015 9:45,0,0,0
7/29/2015 10:00,0,0,0
7/29/2015 10:15,0,0,0
7/29/2015 10:30,0,0,0
7/29/2015 10:45,0,0,0
7/29/2015 11:00,0,0,0
7/29/2015 11:15,0,0,0
7/29/2015 11:30,0,0,0
7/29/2015 11:45,0,0,0
7/29/2015 12:00,0,0,0
7/29/2015 12:15,0,0,0
7/29/2015 12:30,0,0,0
7/29/2015 12:45,0,0,0
7/29/2015 13:00,0,0,0
7/29/2015 13:15,0,0,0
7/29/2015 13:30,0,0,0
7/29/2015 13:45,0,0,0
7/29/2015 14:00,0,0,0
7/29/2015 14:15,0,0,0
7/29/2015 14:30,0,0,0
7/29/2015 14:45,0,0.01,0
7/29/2015 15:00,0,0,0
7/29/2015 15:15,0,0,0
7/29/2015 15:30,0,0,0
7/29/2015 15:45,0,0,0
7/29/2015 16:00,0,0,0
7/29/2015 16:15,0,0,0
7/29/2015 16:30,0,0,0
7/29/2015 16:45,0,0,0
7/29/2015 17:00,0,0,0
7/29/2015 17:15,0,0,0
7/29/2015 17:30,0,0,0
7/29/2015 17:45,0,0,0
7/29/2015 18:00,0,0,0
7/29/2015 18:15,0,0,0
7/29/2015 18:30,0,0,0
7/29/2015 18:45,0,0,0
7/29/2015 19:00,0,0,0
7/29/2015 19:15,0,0,0
7/29/2015 19:30,0,0,0
7/29/2015 19:45,0,0,0
7/29/2015 20:00,0,0,0
7/29/2015 20:15,0,0,0
7/29/2015 20:30,0,0,0
7/29/2015 20:45,0,0,0
7/29/2015 21:00,0,0,0
7/29/2015 21:15,0,0,0
7/29/2015 21:30,0,0,0
7/29/2015 21:45,0,0,0
7/29/2015 22:00,0,0,0
7/29/2015 22:15,0,0,0
7/29/2015 22:30,0,0,0
7/29/2015 22:45,0,0,0
7/29/2015 23:00,0,0,0
7/29/2015 23:15,0,0,0
7/29/2015 23:30,0,0,0
7/29/2015 23:45,0,0,0
7/30/2015 0:00,0,0,0
7/30/2015 0:15,0,0,0
7/30/2015 0:30,0,0,0
7/30/2015 0:45,0,0,0
7/30/2015 1:00,0,0,0
7/30/2015 1:15,0,0,0
7/30/2015 1:30,0,0,0
7/30/2015 1:45,0,0,0
7/30/2015 2:00,0,0,0
7/30/2015 2:15,0,0,0
7/30/2015 2:30,0,0,0
7/30/2015 2:45,0,0,0
7/30/2015 3:00,0,0,0
7/30/2015 3:15,0,0,0
7/30/2015 3:30,0,0,0
7/30/2015 3:45,0,0,0
7/30/2015 4:00,0,0,0
7/30/2015 4:15,0,0,0
7/30/2015 4:30,0,0,0
7/30/2015 4:45,0,0,0
7/30/2015 5:00,0,0,0
7/30/2015 5:15,0,0,0
7/30/2015 5:30,0,0,0
7/30/2015 5:45,0,0,0
7/30/2015 6:00,0,0,0
7/30/2015 6:15,0,0,0
7/30/2015 6:30,0,0,0
7/30/2015 6:45,0,0,0
7/30/2015 7:00,0,0,0
7/30/2015 7:15,0,0,0
7/30/2015 7:30,0,0,0
7/30/2015 7:45,0,0,0
7/30/2015 8:00,0,0,0
7/30/2015 8:15,0,0,0
7/30/2015 8:30,0,0,0
7/30/2015 8:45,0,0,0
7/30/2015 9:00,0,0,0
7/30/2015 9:15,0.01,0,0
7/30/2015 9:30,0,0,0
7/30/2015 9:45,0,0,0
7/30/2015 10:00,0,0,0
7/30/2015 10:15,0,0,0
7/30/2015 10:30,0,0,0
7/30/2015 10:45,0,0,0
7/30/2015 11:00,0,0,0
7/30/2015 11:15,0,0,0
7/30/2015 11:30,0,0,0
7/30/2015 11:45,0,0,0
7/30/2015 12:00,0,0,0
7/30/2015 12:15,0,0,0
7/30/2015 12:30,0,0,0
7/30/2015 12:45,0,0,0
7/30/2015 13:00,0.01,0,0
7/30/2015 13:15,0,0,0
7/30/2015 13:30,0,0,0
7/30/2015 13:45,0,0,0
7/30/2015 14:00,0,0,0
7/30/2015 14:15,0,0,0
7/30/2015 14:30,0,0,0
7/30/2015 14:45,0,0,0
7/30/2015 15:00,0.01,0,0
7/30/2015 15:15,0,0,0
7/30/2015 15:30,0,0,0
7/30/2015 15:45,0.01,0,0
7/30/2015 16:00,0.02,0,0
7/30/2015 16:15,0.02,0.01,0
7/30/2015 16:30,0.03,0.01,0.03
7/30/2015 16:45,0.03,0,0.02
7/30/2015 17:00,0.02,0,0.03
7/30/2015 17:15,0.02,0.01,0.01
7/30/2015 17:30,0.01,0.01,0.01
7/30/2015 17:45,0.02,0,0.01
7/30/2015 18:00,0.03,0.01,0.04
7/30/2015 18:15,0.12,0,0.04
7/30/2015 18:30,0.05,0.01,0.07
7/30/2015 18:45,0.06,0,0.03
7/30/2015 19:00,0.07,0.01,0.01
7/30/2015 19:15,0.02,0,0
7/30/2015 19:30,0,0,0
7/30/2015 19:45,0.01,0,0
7/30/2015 20:00,0,0,0.01
7/30/2015 20:15,0,0,0
7/30/2015 20:30,0,0,0
7/30/2015 20:45,0,0,0
7/30/2015 21:00,0,0.01,0
7/30/2015 21:15,0,0,0.01
7/30/2015 21:30,0,0,0
7/30/2015 21:45,0,0.01,0
7/30/2015 22:00,0.01,0,0.03
7/30/2015 22:15,0.05,0,0
7/30/2015 22:30,0.01,0,0
7/30/2015 22:45,0,0.01,0
7/30/2015 23:00,0,0,0
7/30/2015 23:15,0,0,0
7/30/2015 23:30,0,0,0
7/30/2015 23:45,0,0,0
7/31/2015 0:00,0,0,0
7/31/2015 0:15,0,0,0
7/31/2015 0:30,0,0.01,0
7/31/2015 0:45,0.03,0,0
7/31/2015 1:00,0.01,0,0
7/31/2015 1:15,0,0,0
7/31/2015 1:30,0,0,0
7/31/2015 1:45,0,0,0
7/31/2015 2:00,0,0,0
7/31/2015 2:15,0,0,0
7/31/2015 2:30,0,0,0.02
7/31/2015 2:45,0.01,0.01,0
7/31/2015 3:00,0.01,0,0
7/31/2015 3:15,0.01,0.01,0.02
7/31/2015 3:30,0.06,0,0.03
7/31/2015 3:45,0.01,0.01,0.01
7/31/2015 4:00,0.01,0.02,0
7/31/2015 4:15,0.06,0,0
7/31/2015 4:30,0,0,0
7/31/2015 4:45,0,0,0
7/31/2015 5:00,0.01,0,0.01
7/31/2015 5:15,0.02,0.03,0
7/31/2015 5:30,0.01,0,0
7/31/2015 5:45,0.01,0.01,0
7/31/2015 6:00,0.01,0,0.01
7/31/2015 6:15,0,0,0
7/31/2015 6:30,0,0.01,0
7/31/2015 6:45,0.03,0,0.01
7/31/2015 7:00,0,0.02,0
7/31/2015 7:15,0,0,0
7/31/2015 7:30,0.01,0,0
7/31/2015 7:45,0,0,0
7/31/2015 8:00,0,0,0
7/31/2015 8:15,0,0,0
7/31/2015 8:30,0,0,0.01
7/31/2015 8:45,0.01,0.01,0.02
7/31/2015 9:00,0.02,0.02,0
7/31/2015 9:15,0,0,0
7/31/2015 9:30,0,0,0
7/31/2015 9:45,0.01,0,0
7/31/2015 10:00,0,0,0.03
7/31/2015 10:15,0.04,0,0
7/31/2015 10:30,0.03,0.02,0
7/31/2015 10:45,0,0,0
7/31/2015 11:00,0,0,0.11
7/31/2015 11:15,0.02,0,0.03
7/31/2015 11:30,0.04,0.01,0
7/31/2015 11:45,0.01,0.01,0
7/31/2015 12:00,0.01,0,0.02
7/31/2015 12:15,0,0,0
7/31/2015 12:30,0.01,0,0
7/31/2015 12:45,0.01,0,0
7/31/2015 13:00,0,0,0
7/31/2015 13:15,0,0,0
7/31/2015 13:30,0,0,0
7/31/2015 13:45,0,0,0
7/31/2015 14:00,0.01,0,0
7/31/2015 14:15,0.01,0,0
7/31/2015 14:30,0.01,0.01,0
7/31/2015 14:45,0,0,0
7/31/2015 15:00,0,0,0
7/31/2015 15:15,0,0,0
7/31/2015 15:30,0,0,0
7/31/2015 15:45,0.02,0,0
7/31/2015 16:00,0,0.01,0
7/31/2015 16:15,0,0,0
7/31/2015 16:30,0,0,0.05
7/31/2015 16:45,0.03,0,0
7/31/2015 17:00,0,0,0
7/31/2015 17:15,0.01,0,0
7/31/2015 17:30,0,0.01,0
7/31/2015 17:45,0,0,0
7/31/2015 18:00,0,0,0
7/31/2015 18:15,0,0,0.01
7/31/2015 18:30,0,0,0
7/31/2015 18:45,0.01,0,0
7/31/2015 19:00,0,0,0
7/31/2015 19:15,0,0,0
7/31/2015 19:30,0,0,0
7/31/2015 19:45,0,0,0
7/31/2015 20:00,0,0,0
7/31/2015 20:15,0,0,0
7/31/2015 20:30,0,0,0
7/31/2015 20:45,0,0,0
7/31/2015 21:00,0,0,0
7/31/2015 21:15,0,0,0
7/31/2015 21:30,0,0,0
7/31/2015 21:45,0,0.01,0
7/31/2015 22:00,0,0,0
7/31/2015 22:15,0,0,0
7/31/2015 22:30,0,0,0.05
7/31/2015 22:45,0,0,0
7/31/2015 23:00,0,0,0
7/31/2015 23:15,0,0,0
7/31/2015 23:30,0,0,0
7/31/2015 23:45,0,0,0
8/1/2015 0:00,0.01,0,0
8/1/2015 0:15,0,0,0
8/1/2015 0:30,0,0.01,0
8/1/2015 0:45,0,0,0
8/1/2015 1:00,0,0,0
8/1/2015 1:15,0,0,0
8/1/2015 1:30,0.03,0,0
8/1/2015 1:45,0.05,0.02,0.01
8/1/2015 2:00,0.02,0.01,0
8/1/2015 2:15,0.02,0,0
8/1/2015 2:30,0.01,0,0
8/1/2015 2:45,0,0.01,0
8/1/2015 3:00,0.01,0,0
8/1/2015 3:15,0.01,0,0
8/1/2015 3:30,0,0,0
8/1/2015 3:45,0,0,0
8/1/2015 4:00,0,0,0
8/1/2015 4:15,0,0,0
8/1/2015 4:30,0,0,0
8/1/2015 4:45,0,0,0
8/1/2015 5:00,0,0,0
8/1/2015 5:15,0,0,0
8/1/2015 5:30,0,0,0
8/1/2015 5:45,0,0,0
8/1/2015 6:00,0,0,0
8/1/2015 6:15,0,0,0
8/1/2015 6:30,0,0,0
8/1/2015 6:45,0,0,0
8/1/2015 7:00,0,0,0
8/1/2015 7:15,0,0,0
8/1/2015 7:30,0,0,0
8/1/2015 7:45,0,0,0
8/1/2015 8:00,0,0.01,0
8/1/2015 8:15,0,0,0
8/1/2015 8:30,0.02,0.02,0.01
8/1/2015 8:45,0.01,0.01,0.01
8/1/2015 9:00,0,0,0.01
8/1/2015 9:15,0,0,0
8/1/2015 9:30,0.01,0,0
8/1/2015 9:45,0,0,0
8/1/2015 10:00,0,0,0
8/1/2015 10:15,0,0,0
8/1/2015 10:30,0,0,0
8/1/2015 10:45,0,0,0.01
8/1/2015 11:00,0,0,0
8/1/2015 11:15,0,0,0
8/1/2015 11:30,0,0,0
8/1/2015 11:45,0,0,0
8/1/2015 12:00,0,0,0
8/1/2015 12:15,0,0,0
8/1/2015 12:30,0,0,0
8/1/2015 12:45,0,0,0
8/1/2015 13:00,0,0,0
8/1/2015 13:15,0,0,0
8/1/2015 13:30,0,0,0
8/1/2015 13:45,0,0,0
8/1/2015 14:00,0,0,0
8/1/2015 14:15,0,0,0
8/1/2015 14:30,0,0,0
8/1/2015 14:45,0,0,0
8/1/2015 15:00,0,0,0
8/1/2015 15:15,0,0,0
8/1/2015 15:30,0,0,0
8/1/2015 15:45,0,0,0
8/1/2015 16:00,0,0,0
8/1/2015 16:15,0,0,0
8/1/2015 16:30,0,0,0
8/1/2015 16:45,0,0,0
8/1/2015 17:00,0,0,0
8/1/2015 17:15,0,0,0
8/1/2015 17:30,0,0,0
8/1/2015 17:45,0,0,0
8/1/2015 18:00,0,0,0
8/1/2015 18:15,0,0,0
8/1/2015 18:30,0,0,0
8/1/2015 18:45,0,0,0
8/1/2015 19:00,0,0,0
8/1/2015 19:15,0,0,0
8/1/2015 19:30,0,0,0
8/1/2015 19:45,0,0,0.01
8/1/2015 20:00,0,0,0.07
8/1/2015 20:15,0.03,0,0.09
8/1/2015 20:30,0.11,0.01,0.1
8/1/2015 20:45,0.13,0.02,0
8/1/2015 21:00,0.13,0.07,0.11
8/1/2015 21:15,0.11,0.03,0.07
8/1/2015 21:30,0.03,0.31,0
8/1/2015 21:45,0.02,0.01,0.01
8/1/2015 22:00,0.02,0.03,0
8/1/2015 22:15,0.06,0.03,0.02
8/1/2015 22:30,0.14,0.05,0.05
8/1/2015 22:45,0.15,0.07,0.14
8/1/2015 23:00,0.1,0.16,0.12
8/1/2015 23:15,0.23,0.08,0.23
8/1/2015 23:30,0.29,0.1,0.17
8/1/2015 23:45,0.21,0.13,0.01
8/2/2015 0:00,0.17,0.13,0.03
8/2/2015 0:15,0.34,0.08,0.11
8/2/2015 0:30,0.29,0.09,0.07
8/2/2015 0:45,0.11,0.06,0.17
8/2/2015 1:00,0.16,0.06,0.01
8/2/2015 1:15,0.06,0.02,0.02
8/2/2015 1:30,0.03,0.02,0.02
8/2/2015 1:45,0.05,0.01,0
8/2/2015 2:00,0.03,0.03,0
8/2/2015 2:15,0,0.03,0
8/2/2015 2:30,0.01,0.01,0.01
8/2/2015 2:45,0.05,0.01,0.01
8/2/2015 3:00,0.07,0.02,0.02
8/2/2015 3:15,0.02,0.02,0
8/2/2015 3:30,0.02,0,0.02
8/2/2015 3:45,0.04,0.01,0
8/2/2015 4:00,0,0,0.01
8/2/2015 4:15,0,0,0
8/2/2015 4:30,0,0,0
8/2/2015 4:45,0,0,0
8/2/2015 5:00,0,0,0
8/2/2015 5:15,0,0,0.01
8/2/2015 5:30,0,0,0.02
8/2/2015 5:45,0.02,0,0
8/2/2015 6:00,0,0.01,0.02
8/2/2015 6:15,0.01,0,0.05
8/2/2015 6:30,0.06,0,0
8/2/2015 6:45,0.06,0.02,0.05
8/2/2015 7:00,0.08,0.02,0.05
8/2/2015 7:15,0.07,0.01,0.01
8/2/2015 7:30,0.03,0.03,0
8/2/2015 7:45,0.02,0.03,0
8/2/2015 8:00,0.04,0.02,0
8/2/2015 8:15,0.08,0.02,0
8/2/2015 8:30,0.04,0.01,0.04
8/2/2015 8:45,0.06,0.01,0.02
8/2/2015 9:00,0.08,0.01,0.04
8/2/2015 9:15,0.12,0,0.03
8/2/2015 9:30,0.06,0.03,0.1
8/2/2015 9:45,0.07,0.02,0.04
8/2/2015 10:00,0.09,0.02,0.1
8/2/2015 10:15,0.04,0.01,0.07
8/2/2015 10:30,0.01,0,0.02
8/2/2015 10:45,0,0,0
8/2/2015 11:00,0.01,0,0
8/2/2015 11:15,0,0,0
8/2/2015 11:30,0,0,0
8/2/2015 11:45,0,0,0
8/2/2015 12:00,0,0,0
8/2/2015 12:15,0,0,0
8/2/2015 12:30,0,0,0
8/2/2015 12:45,0,0,0
8/2/2015 13:00,0.01,0,0.03
8/2/2015 13:15,0.01,0.01,0.05
8/2/2015 13:30,0,0,0.01
8/2/2015 13:45,0,0.03,0
8/2/2015 14:00,0.1,0.04,0
8/2/2015 14:15,0.11,0.01,0
8/2/2015 14:30,0.09,0.01,0.01
8/2/2015 14:45,0.02,0.01,0
8/2/2015 15:00,0,0,0
8/2/2015 15:15,0,0,0
8/2/2015 15:30,0.01,0,0.01
8/2/2015 15:45,0.01,0.01,0.03
8/2/2015 16:00,0.01,0,0.01
8/2/2015 16:15,0.01,0,0
8/2/2015 16:30,0.01,0,0
8/2/2015 16:45,0.01,0,0
8/2/2015 17:00,0,0,0
8/2/2015 17:15,0,0,0
8/2/2015 17:30,0,0,0.01
8/2/2015 17:45,0,0,0
8/2/2015 18:00,0.02,0,0
8/2/2015 18:15,0,0,0
8/2/2015 18:30,0,0,0
8/2/2015 18:45,0,0,0
8/2/2015 19:00,0,0,0
8/2/2015 19:15,0,0,0
8/2/2015 19:30,0,0,0.01
8/2/2015 19:45,0,0,0
8/2/2015 20:00,0,0,0
8/2/2015 20:15,0,0,0
8/2/2015 20:30,0,0,0
8/2/2015 20:45,0,0,0
8/2/2015 21:00,0,0,0
8/2/2015 21:15,0,0,0
8/2/2015 21:30,0,0,0
8/2/2015 21:45,0,0,0
8/2/2015 22:00,0,0,0
8/2/2015 22:15,0,0,0
8/2/2015 22:30,0,0,0
8/2/2015 22:45,0,0,0
8/2/2015 23:00,0,0,0
8/2/2015 23:15,0,0,0
8/2/2015 23:30,0,0,0
8/2/2015 23:45,0,0,0
8/3/2015 0:00,0,0,0
8/3/2015 0:15,0,0,0
8/3/2015 0:30,0,0,0
8/3/2015 0:45,0,0,0
8/3/2015 1:00,0,0,0
8/3/2015 1:15,0,0,0
8/3/2015 1:30,0,0,0
8/3/2015 1:45,0,0,0
8/3/2015 2:00,0,0,0
8/3/2015 2:15,0,0,0
8/3/2015 2:30,0,0,0
8/3/2015 2:45,0,0,0
8/3/2015 3:00,0,0,0
8/3/2015 3:15,0,0,0
8/3/2015 3:30,0,0.01,0
8/3/2015 3:45,0,0,0
8/3/2015 4:00,0,0,0
8/3/2015 4:15,0,0,0
8/3/2015 4:30,0,0,0
8/3/2015 4:45,0,0,0
8/3/2015 5:00,0,0,0
8/3/2015 5:15,0,0,0
8/3/2015 5:30,0,0,0
8/3/2015 5:45,0,0,0
8/3/2015 6:00,0,0,0
8/3/2015 6:15,0,0,0
8/3/2015 6:30,0,0,0
8/3/2015 6:45,0,0,0
8/3/2015 7:00,0,0,0
8/3/2015 7:15,0,0,0
8/3/2015 7:30,0,0,0
8/3/2015 7:45,0,0,0
8/3/2015 8:00,0,0,0
8/3/2015 8:15,0,0,0
8/3/2015 8:30,0,0,0
8/3/2015 8:45,0,0,0
8/3/2015 9:00,0,0,0
8/3/2015 9:15,0,0,0
8/3/2015 9:30,0,0,0
8/3/2015 9:45,0,0,0
8/3/2015 10:00,0,0,0
8/3/2015 10:15,0,0,0
8/3/2015 10:30,0,0,0
8/3/2015 10:45,0,0,0
8/3/2015 11:00,0,0,0
8/3/2015 11:15,0,0,0
8/3/2015 11:30,0,0,0
8/3/2015 11:45,0,0,0
8/3/2015 12:00,0,0,0
8/3/2015 12:15,0,0,0
8/3/2015 12:30,0,0,0
8/3/2015 12:45,0,0,0
8/3/2015 13:00,0,0,0
8/3/2015 13:15,0,0,0
8/3/2015 13:30,0,0,0
8/3/2015 13:45,0,0,0
8/3/2015 14:00,0,0,0
8/3/2015 14:15,0,0,0
8/3/2015 14:30,0,0,0
8/3/2015 14:45,0,0,0
8/3/2015 15:00,0,0,0
8/3/2015 15:15,0,0,0
8/3/2015 15:30,0,0,0
8/3/2015 15:45,0,0,0
8/3/2015 16:00,0,0,0
8/3/2015 16:15,0,0,0
8/3/2015 16:30,0,0,0
8/3/2015 16:45,0,0,0
8/3/2015 17:00,0,0,0
8/3/2015 17:15,0,0,0
8/3/2015 17:30,0,0,0
8/3/2015 17:45,0,0,0
8/3/2015 18:00,0,0,0
8/3/2015 18:15,0,0,0
8/3/2015 18:30,0,0,0
8/3/2015 18:45,0,0,0
8/3/2015 19:00,0,0,0
8/3/2015 19:15,0,0,0
8/3/2015 19:30,0,0,0
8/3/2015 19:45,0,0,0
8/3/2015 20:00,0,0,0
8/3/2015 20:15,0,0,0
8/3/2015 20:30,0,0,0
8/3/2015 20:45,0,0,0
8/3/2015 21:00,0,0,0
8/3/2015 21:15,0,0,0
8/3/2015 21:30,0,0,0
8/3/2015 21:45,0,0,0
8/3/2015 22:00,0,0,0
8/3/2015 22:15,0,0,0
8/3/2015 22:30,0,0,0
8/3/2015 22:45,0,0,0
8/3/2015 23:00,0,0,0
8/3/2015 23:15,0,0,0
8/3/2015 23:30,0,0,0
8/3/2015 23:45,0,0,0
8/4/2015 0:00,0,0,0
8/4/2015 0:15,0,0,0
8/4/2015 0:30,0,0,0
8/4/2015 0:45,0,0,0
8/4/2015 1:00,0,0,0
8/4/2015 1:15,0,0,0
8/4/2015 1:30,0,0,0
8/4/2015 1:45,0.01,0,0
8/4/2015 2:00,0,0,0.01
8/4/2015 2:15,0,0,0
8/4/2015 2:30,0,0,0
8/4/2015 2:45,0,0.01,0
8/4/2015 3:00,0,0.06,0
8/4/2015 3:15,0,0.01,0
8/4/2015 3:30,0,0.02,0
8/4/2015 3:45,0,0,0
8/4/2015 4:00,0,0,0
8/4/2015 4:15,0,0,0
8/4/2015 4:30,0,0,0
8/4/2015 4:45,0,0,0
8/4/2015 5:00,0,0,0
8/4/2015 5:15,0,0.05,0
8/4/2015 5:30,0.01,0,0
8/4/2015 5:45,0.01,0,0
8/4/2015 6:00,0,0.01,0
8/4/2015 6:15,0,0.01,0
8/4/2015 6:30,0,0,0
8/4/2015 6:45,0,0,0
8/4/2015 7:00,0,0,0
8/4/2015 7:15,0,0,0
8/4/2015 7:30,0.01,0,0
8/4/2015 7:45,0,0.01,0
8/4/2015 8:00,0,0,0
8/4/2015 8:15,0,0,0
8/4/2015 8:30,0,0,0
8/4/2015 8:45,0,0,0
8/4/2015 9:00,0,0,0
8/4/2015 9:15,0,0,0
8/4/2015 9:30,0,0,0
8/4/2015 9:45,0,0,0
8/4/2015 10:00,0,0,0
8/4/2015 10:15,0,0,0
8/4/2015 10:30,0,0,0
8/4/2015 10:45,0,0,0
8/4/2015 11:00,0,0,0
8/4/2015 11:15,0,0,0
8/4/2015 11:30,0,0,0
8/4/2015 11:45,0,0,0
8/4/2015 12:00,0,0,0
8/4/2015 12:15,0,0,0
8/4/2015 12:30,0,0,0
8/4/2015 12:45,0,0,0
8/4/2015 13:00,0,0,0
8/4/2015 13:15,0,0,0
8/4/2015 13:30,0,0,0
8/4/2015 13:45,0,0,0
8/4/2015 14:00,0,0,0
8/4/2015 14:15,0,0,0
8/4/2015 14:30,0,0,0
8/4/2015 14:45,0,0,0
8/4/2015 15:00,0,0,0
8/4/2015 15:15,0,0,0
8/4/2015 15:30,0,0,0
8/4/2015 15:45,0,0,0
8/4/2015 16:00,0,0,0
8/4/2015 16:15,0,0,0
8/4/2015 16:30,0,0,0
8/4/2015 16:45,0,0,0
8/4/2015 17:00,0,0,0
8/4/2015 17:15,0,0,0
8/4/2015 17:30,0,0,0
8/4/2015 17:45,0,0,0
8/4/2015 18:00,0,0,0
8/4/2015 18:15,0,0,0
8/4/2015 18:30,0,0,0
8/4/2015 18:45,0,0,0
8/4/2015 19:00,0,0,0
8/4/2015 19:15,0,0,0
8/4/2015 19:30,0,0,0
8/4/2015 19:45,0,0,0
8/4/2015 20:00,0,0,0
8/4/2015 20:15,0,0,0
8/4/2015 20:30,0,0,0
8/4/2015 20:45,0,0,0
8/4/2015 21:00,0,0,0
8/4/2015 21:15,0,0,0
8/4/2015 21:30,0,0,0
8/4/2015 21:45,0,0,0
8/4/2015 22:00,0,0,0
8/4/2015 22:15,0,0,0
8/4/2015 22:30,0,0,0
8/4/2015 22:45,0,0,0
8/4/2015 23:00,0,0,0
8/4/2015 23:15,0,0,0
8/4/2015 23:30,0,0,0
8/4/2015 23:45,0,0,0
8/5/2015 0:00,0,0,0
8/5/2015 0:15,0,0,0
8/5/2015 0:30,0,0,0
8/5/2015 0:45,0,0,0
8/5/2015 1:00,0,0,0
8/5/2015 1:15,0,0,0
8/5/2015 1:30,0,0,0
8/5/2015 1:45,0,0,0
8/5/2015 2:00,0,0,0
8/5/2015 2:15,0,0,0
8/5/2015 2:30,0,0,0
8/5/2015 2:45,0,0,0
8/5/2015 3:00,0,0,0
8/5/2015 3:15,0,0,0
8/5/2015 3:30,0,0,0
8/5/2015 3:45,0,0,0
8/5/2015 4:00,0,0,0
8/5/2015 4:15,0,0,0
8/5/2015 4:30,0,0,0
8/5/2015 4:45,0,0,0
8/5/2015 5:00,0,0,0
8/5/2015 5:15,0,0,0
8/5/2015 5:30,0,0,0
8/5/2015 5:45,0,0,0
8/5/2015 6:00,0,0,0
8/5/2015 6:15,0,0,0
8/5/2015 6:30,0,0,0
8/5/2015 6:45,0,0,0
8/5/2015 7:00,0,0,0
8/5/2015 7:15,0,0,0
8/5/2015 7:30,0,0,0
8/5/2015 7:45,0,0,0
8/5/2015 8:00,0,0,0
8/5/2015 8:15,0,0,0
8/5/2015 8:30,0,0,0
8/5/2015 8:45,0,0,0
8/5/2015 9:00,0,0,0
8/5/2015 9:15,0,0,0
8/5/2015 9:30,0,0,0
8/5/2015 9:45,0,0,0
8/5/2015 10:00,0,0,0
8/5/2015 10:15,0,0,0
8/5/2015 10:30,0,0,0
8/5/2015 10:45,0,0,0
8/5/2015 11:00,0,0,0
8/5/2015 11:15,0,0,0
8/5/2015 11:30,0,0,0
8/5/2015 11:45,0,0,0
8/5/2015 12:00,0,0,0
8/5/2015 12:15,0,0,0
8/5/2015 12:30,0,0,0
8/5/2015 12:45,0,0,0
8/5/2015 13:00,0,0,0
8/5/2015 13:15,0,0,0
8/5/2015 13:30,0,0,0
8/5/2015 13:45,0,0,0
8/5/2015 14:00,0,0,0
8/5/2015 14:15,0,0,0
8/5/2015 14:30,0,0,0
8/5/2015 14:45,0,0,0
8/5/2015 15:00,0,0,0
8/5/2015 15:15,0,0,0
8/5/2015 15:30,0,0,0
8/5/2015 15:45,0,0,0
8/5/2015 16:00,0,0,0
8/5/2015 16:15,0,0,0
8/5/2015 16:30,0,0,0
8/5/2015 16:45,0,0,0
8/5/2015 17:00,0,0,0
8/5/2015 17:15,0,0,0
8/5/2015 17:30,0,0,0
8/5/2015 17:45,0,0,0
8/5/2015 18:00,0,0,0
8/5/2015 18:15,0,0,0
8/5/2015 18:30,0,0,0
8/5/2015 18:45,0,0,0
8/5/2015 19:00,0,0,0
8/5/2015 19:15,0,0,0
8/5/2015 19:30,0,0,0
8/5/2015 19:45,0,0,0
8/5/2015 20:00,0,0,0
8/5/2015 20:15,0,0,0
8/5/2015 20:30,0,0,0
8/5/2015 20:45,0,0,0
8/5/2015 21:00,0,0,0
8/5/2015 21:15,0,0,0
8/5/2015 21:30,0,0,0
8/5/2015 21:45,0,0,0
8/5/2015 22:00,0,0,0
8/5/2015 22:15,0,0,0
8/5/2015 22:30,0,0,0
8/5/2015 22:45,0,0,0
8/5/2015 23:00,0,0,0
8/5/2015 23:15,0,0,0
8/5/2015 23:30,0,0,0
8/5/2015 23:45,0,0,0
8/6/2015 0:00,0,0,0
8/6/2015 0:15,0,0,0
8/6/2015 0:30,0,0,0
8/6/2015 0:45,0,0,0
8/6/2015 1:00,0,0,0
8/6/2015 1:15,0,0,0
8/6/2015 1:30,0,0,0
8/6/2015 1:45,0,0,0
8/6/2015 2:00,0,0,0
8/6/2015 2:15,0,0,0
8/6/2015 2:30,0,0,0
8/6/2015 2:45,0,0,0
8/6/2015 3:00,0,0,0
8/6/2015 3:15,0,0,0
8/6/2015 3:30,0,0,0
8/6/2015 3:45,0,0,0
8/6/2015 4:00,0,0,0
8/6/2015 4:15,0,0,0
8/6/2015 4:30,0,0,0
8/6/2015 4:45,0,0,0
8/6/2015 5:00,0,0,0
8/6/2015 5:15,0,0,
8/6/2015 5:30,0,0,
8/6/2015 5:45,0,0,
8/6/2015 6:00,0,0,
8/6/2015 6:15,0,0,
8/6/2015 6:30,0,0,
8/6/2015 6:45,0,0,
8/6/2015 7:00,0,0,
8/6/2015 7:15,0,0,
8/6/2015 7:30,0,0,
8/6/2015 7:45,0,0,
8/6/2015 8:00,0,0,
8/6/2015 8:15,0,0,
8/6/2015 8:30,0,0,
8/6/2015 8:45,0,0,
8/6/2015 9:00,0,0,
8/6/2015 9:15,0,0,
8/6/2015 9:30,0,0,
8/6/2015 9:45,0,0,
8/6/2015 10:00,0,0,
8/6/2015 10:15,0,0,
8/6/2015 10:30,0,0,
8/6/2015 10:45,0,0,
8/6/2015 11:00,0,0,
8/6/2015 11:15,0,0,
8/6/2015 11:30,0,0,
8/6/2015 11:45,0,0,
8/6/2015 12:00,0,0,
8/6/2015 12:15,0,0,
8/6/2015 12:30,0,0,
8/6/2015 12:45,0,0,
8/6/2015 13:00,0,0,
8/6/2015 13:15,0,0,
8/6/2015 13:30,0,0,
8/6/2015 13:45,0,0,
8/6/2015 14:00,0,0,
8/6/2015 14:15,0,0,
8/6/2015 14:30,0,0,
8/6/2015 14:45,0,0,
8/6/2015 15:00,0,0,
8/6/2015 15:15,0,0,
8/6/2015 15:30,0,0,
8/6/2015 15:45,0,0,
8/6/2015 16:00,0,0,
8/6/2015 16:15,0,0,
8/6/2015 16:30,0,0,
8/6/2015 16:45,0,0,
8/6/2015 17:00,0,0,
8/6/2015 17:15,0,0,
8/6/2015 17:30,0,0,
8/6/2015 17:45,0,0,
8/6/2015 18:00,0,0,
8/6/2015 18:15,0,0,
8/6/2015 18:30,0,0,
8/6/2015 18:45,0,0,
8/6/2015 19:00,0,0,
8/6/2015 19:15,0,0,
8/6/2015 19:30,0,0,
8/6/2015 19:45,0,0,
8/6/2015 20:00,0,0,
8/6/2015 20:15,0,0,
8/6/2015 20:30,0,0,
8/6/2015 20:45,0,0,
8/6/2015 21:00,0,0,
8/6/2015 21:15,0,0,
8/6/2015 21:30,0,0,
8/6/2015 21:45,0,0,
8/6/2015 22:00,0,0,
8/6/2015 22:15,0,0,
8/6/2015 22:30,0,0,
8/6/2015 22:45,0,0,
8/6/2015 23:00,0,0,
8/6/2015 23:15,0,0,
8/6/2015 23:30,0,0,
8/6/2015 23:45,0,0,
8/7/2015 0:00,0,0,
8/7/2015 0:15,0,0,
8/7/2015 0:30,0,0,
8/7/2015 0:45,0,0,
8/7/2015 1:00,0,0,
8/7/2015 1:15,0,0,
8/7/2015 1:30,0,0,
8/7/2015 1:45,0,0,
8/7/2015 2:00,0,0,
8/7/2015 2:15,0,0,
8/7/2015 2:30,0,0,
8/7/2015 2:45,0,0,
8/7/2015 3:00,0,0,
8/7/2015 3:15,0,0,
8/7/2015 3:30,0,0,
8/7/2015 3:45,0,0,
8/7/2015 4:00,0,0,
8/7/2015 4:15,0,0,
8/7/2015 4:30,0,0,
8/7/2015 4:45,0,0,
8/7/2015 5:00,0,0,
8/7/2015 5:15,0,0,
8/7/2015 5:30,0,0,
8/7/2015 5:45,0,0,
8/7/2015 6:00,0,0,
8/7/2015 6:15,0,0,
8/7/2015 6:30,0,0,
8/7/2015 6:45,0,0,
8/7/2015 7:00,0,0,
8/7/2015 7:15,0,0,
8/7/2015 7:30,0,0,
8/7/2015 7:45,0,0,
8/7/2015 8:00,0,0,
8/7/2015 8:15,0,0,
8/7/2015 8:30,0,0,
8/7/2015 8:45,0,0,
8/7/2015 9:00,0,0,
8/7/2015 9:15,0,0,
8/7/2015 9:30,0,0,
8/7/2015 9:45,0,0,
8/7/2015 10:00,0,0,
8/7/2015 10:15,0,0,
8/7/2015 10:30,0,0,
8/7/2015 10:45,0,0,
8/7/2015 11:00,0,0,
8/7/2015 11:15,0,0,
8/7/2015 11:30,0,0,
8/7/2015 11:45,0,0,
8/7/2015 12:00,0,0,
8/7/2015 12:15,0,0,
8/7/2015 12:30,0,0,
8/7/2015 12:45,0,0,
8/7/2015 13:00,0,0,
8/7/2015 13:15,0,0,
8/7/2015 13:30,0,0,
8/7/2015 13:45,0,0,
8/7/2015 14:00,0,0,
8/7/2015 14:15,0,0,
8/7/2015 14:30,0,0,
8/7/2015 14:45,0,0,
8/7/2015 15:00,0,0,
8/7/2015 15:15,0,0,
8/7/2015 15:30,0,0,
8/7/2015 15:45,0,0,
8/7/2015 16:00,0,0,
8/7/2015 16:15,0,0,
8/7/2015 16:30,0,0,
8/7/2015 16:45,0,0,
8/7/2015 17:00,0,0,
8/7/2015 17:15,0,0,
8/7/2015 17:30,0,0,
8/7/2015 17:45,0,0,
8/7/2015 18:00,0,0,
8/7/2015 18:15,0,0,
8/7/2015 18:30,0,0,
8/7/2015 18:45,0,0,
8/7/2015 19:00,0,0,
8/7/2015 19:15,0.02,0,
8/7/2015 19:30,0,0,
8/7/2015 19:45,0,0,
8/7/2015 20:00,0,0,
8/7/2015 20:15,0,0,
8/7/2015 20:30,0,0,
8/7/2015 20:45,0,0,
8/7/2015 21:00,0.01,0,
8/7/2015 21:15,0,0,
8/7/2015 21:30,0,0,
8/7/2015 21:45,0,0,
8/7/2015 22:00,0,0,
8/7/2015 22:15,0,0,
8/7/2015 22:30,0,0,
8/7/2015 22:45,0,0,
8/7/2015 23:00,0,0,
8/7/2015 23:15,0,0,
8/7/2015 23:30,0,0,
8/7/2015 23:45,0,0,
8/8/2015 0:00,0,0,
8/8/2015 0:15,0,0,
8/8/2015 0:30,0,0,
8/8/2015 0:45,0,0,
8/8/2015 1:00,0,0,
8/8/2015 1:15,0.01,0,
8/8/2015 1:30,0,0.01,
8/8/2015 1:45,0.02,0,
8/8/2015 2:00,0.01,0.02,
8/8/2015 2:15,0,0,
8/8/2015 2:30,0,0,
8/8/2015 2:45,0,0,
8/8/2015 3:00,0,0,
8/8/2015 3:15,0,0,
8/8/2015 3:30,0,0,
8/8/2015 3:45,0,0,
8/8/2015 4:00,0,0,
8/8/2015 4:15,0,0,
8/8/2015 4:30,0,0,
8/8/2015 4:45,0,0,
8/8/2015 5:00,0,0,
8/8/2015 5:15,0,0,
8/8/2015 5:30,0.01,0.04,
8/8/2015 5:45,0.04,0.05,
8/8/2015 6:00,0.07,0.15,
8/8/2015 6:15,0.03,0.13,
8/8/2015 6:30,0.01,0.07,
8/8/2015 6:45,0.01,0.04,
8/8/2015 7:00,0.02,0.04,
8/8/2015 7:15,0.02,0.11,
8/8/2015 7:30,0.1,0.03,
8/8/2015 7:45,0.04,0.01,
8/8/2015 8:00,0,0,
8/8/2015 8:15,0.01,0,
8/8/2015 8:30,0,0.07,
8/8/2015 8:45,0,0.01,
8/8/2015 9:00,0,0,
8/8/2015 9:15,0,0,
8/8/2015 9:30,0,0,
8/8/2015 9:45,0,0,
8/8/2015 10:00,0,0,
8/8/2015 10:15,0,0,
8/8/2015 10:30,0,0,
8/8/2015 10:45,0,0,
8/8/2015 11:00,0,0,
8/8/2015 11:15,0,0,
8/8/2015 11:30,0,0,
8/8/2015 11:45,0,0,
8/8/2015 12:00,0,0,
8/8/2015 12:15,0.01,0,
8/8/2015 12:30,0,0,
8/8/2015 12:45,0,0,
8/8/2015 13:00,0,0,
8/8/2015 13:15,0,0,
8/8/2015 13:30,0,0,
8/8/2015 13:45,0,0,
8/8/2015 14:00,0,0,
8/8/2015 14:15,0,0,
8/8/2015 14:30,0,0,
8/8/2015 14:45,0,0,
8/8/2015 15:00,0,0,
8/8/2015 15:15,0,0,
8/8/2015 15:30,0,0,
8/8/2015 15:45,0,0,
8/8/2015 16:00,0,0,
8/8/2015 16:15,0,0,
8/8/2015 16:30,0,0,
8/8/2015 16:45,0,0,
8/8/2015 17:00,0,0,
8/8/2015 17:15,0,0,
8/8/2015 17:30,0,0,
8/8/2015 17:45,0,0,
8/8/2015 18:00,0,0,
8/8/2015 18:15,0,0,
8/8/2015 18:30,0,0,
8/8/2015 18:45,0,0,
8/8/2015 19:00,0,0,
8/8/2015 19:15,0,0,
8/8/2015 19:30,0,0,
8/8/2015 19:45,0,0,
8/8/2015 20:00,0,0,
8/8/2015 20:15,0,0,
8/8/2015 20:30,0,0,
8/8/2015 20:45,0,0,
8/8/2015 21:00,0,0,
8/8/2015 21:15,0,0,
8/8/2015 21:30,0,0,
8/8/2015 21:45,0,0,
8/8/2015 22:00,0,0,
8/8/2015 22:15,0,0,
8/8/2015 22:30,0,0,
8/8/2015 22:45,0,0,
8/8/2015 23:00,0,0,
8/8/2015 23:15,0,0,
8/8/2015 23:30,0,0,
8/8/2015 23:45,0,0,
8/9/2015 0:00,0,0,
8/9/2015 0:15,0,0,
8/9/2015 0:30,0,0,
8/9/2015 0:45,0,0,
8/9/2015 1:00,0,0,
8/9/2015 1:15,0,0,
8/9/2015 1:30,0,0,
8/9/2015 1:45,0.01,0,
8/9/2015 2:00,0,0,
8/9/2015 2:15,0,0,
8/9/2015 2:30,0,0,
8/9/2015 2:45,0,0,
8/9/2015 3:00,0,0,
8/9/2015 3:15,0,0,
8/9/2015 3:30,0,0,
8/9/2015 3:45,0,0,
8/9/2015 4:00,0,0,
8/9/2015 4:15,0,0,
8/9/2015 4:30,0,0,
8/9/2015 4:45,0.01,0,
8/9/2015 5:00,0,0,
8/9/2015 5:15,0,0,
8/9/2015 5:30,0,0,
8/9/2015 5:45,0,0,
8/9/2015 6:00,0,0,
8/9/2015 6:15,0,0,
8/9/2015 6:30,0,0,
8/9/2015 6:45,0,0,
8/9/2015 7:00,0,0,
8/9/2015 7:15,0,0,
8/9/2015 7:30,0,0,
8/9/2015 7:45,0,0,
8/9/2015 8:00,0,0,
8/9/2015 8:15,0,0,
8/9/2015 8:30,0,0,
8/9/2015 8:45,0,0,
8/9/2015 9:00,0,0,
8/9/2015 9:15,0,0,
8/9/2015 9:30,0,0,
8/9/2015 9:45,0,0,
8/9/2015 10:00,0,0,
8/9/2015 10:15,0,0,
8/9/2015 10:30,0,0,
8/9/2015 10:45,0,0,
8/9/2015 11:00,0,0,
8/9/2015 11:15,0,0,
8/9/2015 11:30,0,0,
8/9/2015 11:45,0,0,
8/9/2015 12:00,0,0,
8/9/2015 12:15,0,0.01,
8/9/2015 12:30,0,0,
8/9/2015 12:45,0,0,
8/9/2015 13:00,0,0,
8/9/2015 13:15,0,0,
8/9/2015 13:30,0,0,
8/9/2015 13:45,0,0,
8/9/2015 14:00,0,0,
8/9/2015 14:15,0,0,
8/9/2015 14:30,0,0,
8/9/2015 14:45,0,0,
8/9/2015 15:00,0.02,0.04,
8/9/2015 15:15,0,0.01,
8/9/2015 15:30,0,0.01,
8/9/2015 15:45,0.04,0.01,
8/9/2015 16:00,0.02,0.02,
8/9/2015 16:15,0.02,0.06,
8/9/2015 16:30,0.08,0.18,
8/9/2015 16:45,0.12,0.06,
8/9/2015 17:00,0.4,0.12,
8/9/2015 17:15,0.22,0.1,
8/9/2015 17:30,0.03,0.01,
8/9/2015 17:45,0.05,0,
8/9/2015 18:00,0.36,0,
8/9/2015 18:15,0.26,0.01,
8/9/2015 18:30,0.13,0.05,
8/9/2015 18:45,0.01,0,
8/9/2015 19:00,0,0,
8/9/2015 19:15,0,0,
8/9/2015 19:30,0,0,
8/9/2015 19:45,0,0,
8/9/2015 20:00,0,0,
8/9/2015 20:15,0,0,
8/9/2015 20:30,0.01,0,
8/9/2015 20:45,0.05,0,
8/9/2015 21:00,0.01,0.01,
8/9/2015 21:15,0,0,
8/9/2015 21:30,0,0,
8/9/2015 21:45,0,0,
8/9/2015 22:00,0,0,
8/9/2015 22:15,0,0,
8/9/2015 22:30,0,0,
8/9/2015 22:45,0,0,
8/9/2015 23:00,0.02,0.03,
8/9/2015 23:15,0.01,0.04,
8/9/2015 23:30,0,0.48,
8/9/2015 23:45,0.01,0.43,
8/10/2015 0:00,0.04,0.15,
8/10/2015 0:15,0.22,0.11,
8/10/2015 0:30,0.02,0.01,
8/10/2015 0:45,0.02,0.03,
8/10/2015 1:00,0,0.02,
8/10/2015 1:15,0.02,0.12,
8/10/2015 1:30,0.28,0.25,
8/10/2015 1:45,0.25,0.07,
8/10/2015 2:00,0.07,0.02,
8/10/2015 2:15,0.19,0.03,
8/10/2015 2:30,0.18,0.03,
8/10/2015 2:45,0.12,0.03,
8/10/2015 3:00,0.03,0.03,
8/10/2015 3:15,0.02,0.01,
8/10/2015 3:30,0.03,0.02,
8/10/2015 3:45,0.02,0.03,
8/10/2015 4:00,0.03,0.03,
8/10/2015 4:15,0.02,0,
8/10/2015 4:30,0,0,
8/10/2015 4:45,0.01,0,
8/10/2015 5:00,0,0,
8/10/2015 5:15,0,0,
8/10/2015 5:30,0,0,
8/10/2015 5:45,0,0,
8/10/2015 6:00,0,0,
8/10/2015 6:15,0,0.01,
8/10/2015 6:30,0,0,
8/10/2015 6:45,0,0,
8/10/2015 7:00,0,0,
8/10/2015 7:15,0,0,
8/10/2015 7:30,0,0,
8/10/2015 7:45,0,0,
8/10/2015 8:00,0,0,
8/10/2015 8:15,0,0,
8/10/2015 8:30,0,0,
8/10/2015 8:45,0,0,
8/10/2015 9:00,0,0,
8/10/2015 9:15,0,0,
8/10/2015 9:30,0,0.01,
8/10/2015 9:45,0.01,0,
8/10/2015 10:00,0,0,
8/10/2015 10:15,0,0,
8/10/2015 10:30,0,0,
8/10/2015 10:45,0,0,
8/10/2015 11:00,0,0,
8/10/2015 11:15,0,0,
8/10/2015 11:30,0,0,
8/10/2015 11:45,0,0,
8/10/2015 12:00,0,0,
8/10/2015 12:15,0,0,
8/10/2015 12:30,0,0,
8/10/2015 12:45,0,0,
8/10/2015 13:00,0,0,
8/10/2015 13:15,0,0,
8/10/2015 13:30,0,0,
8/10/2015 13:45,0,0,
8/10/2015 14:00,0,0,
8/10/2015 14:15,0,0,
8/10/2015 14:30,0,0,
8/10/2015 14:45,0,0,
8/10/2015 15:00,0,0,
8/10/2015 15:15,0,0,
8/10/2015 15:30,0,0,
8/10/2015 15:45,0,0,
8/10/2015 16:00,0,0,
8/10/2015 16:15,0,0,
8/10/2015 16:30,0,0,
8/10/2015 16:45,0,0,
8/10/2015 17:00,0,0,
8/10/2015 17:15,0,0,
8/10/2015 17:30,0,0,
8/10/2015 17:45,0,0,
8/10/2015 18:00,0,0,
8/10/2015 18:15,0,0,
8/10/2015 18:30,0,0,
8/10/2015 18:45,0,0,
8/10/2015 19:00,0,0,
8/10/2015 19:15,0,0,
8/10/2015 19:30,0,0,
8/10/2015 19:45,0,0,
8/10/2015 20:00,0,0,
8/10/2015 20:15,0,0,
8/10/2015 20:30,0,0,
8/10/2015 20:45,0,0,
8/10/2015 21:00,0,0,
8/10/2015 21:15,0,0,
8/10/2015 21:30,0,0,
8/10/2015 21:45,0,0.05,
8/10/2015 22:00,0.01,0.3,
8/10/2015 22:15,0.26,0.02,
8/10/2015 22:30,0.16,0,
8/10/2015 22:45,0.04,0,
8/10/2015 23:00,0.02,0,
8/10/2015 23:15,0.01,0,
8/10/2015 23:30,0,0,
8/10/2015 23:45,0,0,
8/11/2015 0:00,0.01,0,
8/11/2015 0:15,0.04,0,
8/11/2015 0:30,0,0,
8/11/2015 0:45,0,0,
8/11/2015 1:00,0,0,
8/11/2015 1:15,0,0,
8/11/2015 1:30,0,0,
8/11/2015 1:45,0,0,
8/11/2015 2:00,0,0,
8/11/2015 2:15,0,0,
8/11/2015 2:30,0,0,
8/11/2015 2:45,0,0,
8/11/2015 3:00,0,0,
8/11/2015 3:15,0,0,
8/11/2015 3:30,0,0,
8/11/2015 3:45,0,0.07,
8/11/2015 4:00,0.01,0.02,
8/11/2015 4:15,0.03,0.06,
8/11/2015 4:30,0.03,0.05,
8/11/2015 4:45,0.01,0.03,
8/11/2015 5:00,0.03,0.02,
8/11/2015 5:15,0.07,0.07,
8/11/2015 5:30,0.11,0.03,
8/11/2015 5:45,0.1,0.03,
8/11/2015 6:00,0.15,0.04,
8/11/2015 6:15,0.04,0.04,
8/11/2015 6:30,0.05,0.03,
8/11/2015 6:45,0.12,0.05,
8/11/2015 7:00,0.11,0.03,
8/11/2015 7:15,0.13,0,
8/11/2015 7:30,0.14,0,
8/11/2015 7:45,0.09,0,
8/11/2015 8:00,0.1,0.01,
8/11/2015 8:15,0.07,0,
8/11/2015 8:30,0.04,0,
8/11/2015 8:45,0.01,0,
8/11/2015 9:00,0.01,0,
8/11/2015 9:15,0,0,
8/11/2015 9:30,0,0,
8/11/2015 9:45,0.01,0,
8/11/2015 10:00,0,0,
8/11/2015 10:15,0,0,
8/11/2015 10:30,0,0,
8/11/2015 10:45,0,0,
8/11/2015 11:00,0,0,
8/11/2015 11:15,0,0,
8/11/2015 11:30,0,0,
8/11/2015 11:45,0,0,
8/11/2015 12:00,0,0,
8/11/2015 12:15,0.1,0,
8/11/2015 12:30,0.09,0,
8/11/2015 12:45,0.03,0,
8/11/2015 13:00,0.11,0.03,
8/11/2015 13:15,0.13,0.29,
8/11/2015 13:30,0.09,0.1,
8/11/2015 13:45,0.13,0.09,
8/11/2015 14:00,0.16,0.15,
8/11/2015 14:15,0.12,0.09,
8/11/2015 14:30,0.07,0.02,
8/11/2015 14:45,0.06,0.01,
8/11/2015 15:00,0.08,0.03,
8/11/2015 15:15,0.08,0.01,
8/11/2015 15:30,0.07,0.02,
8/11/2015 15:45,0.11,0.03,
8/11/2015 16:00,0.08,0.01,
8/11/2015 16:15,0.06,0,
8/11/2015 16:30,0.05,0,
8/11/2015 16:45,0.03,0,
8/11/2015 17:00,0.03,0,
8/11/2015 17:15,0.02,0,
8/11/2015 17:30,0.01,0,
8/11/2015 17:45,0.01,0,
8/11/2015 18:00,0,0,
8/11/2015 18:15,0,0,
8/11/2015 18:30,0,0,
8/11/2015 18:45,0,0,
8/11/2015 19:00,0.01,0,
8/11/2015 19:15,0,0,
8/11/2015 19:30,0,0,
8/11/2015 19:45,0,0,
8/11/2015 20:00,0.01,0,
8/11/2015 20:15,0,0,
8/11/2015 20:30,0.01,0,
8/11/2015 20:45,0.01,0,
8/11/2015 21:00,0,0,
8/11/2015 21:15,0.01,0,
8/11/2015 21:30,0.02,0,
8/11/2015 21:45,0.04,0.02,
8/11/2015 22:00,0.05,0.01,
8/11/2015 22:15,0.03,0.02,
8/11/2015 22:30,0.04,0,
8/11/2015 22:45,0.02,0,
8/11/2015 23:00,0.01,0,
8/11/2015 23:15,0.01,0,
8/11/2015 23:30,0.02,0,
8/11/2015 23:45,0.01,0,
8/12/2015 0:00,0.02,0,
8/12/2015 0:15,0.02,0,
8/12/2015 0:30,0.01,0.01,
8/12/2015 0:45,0.02,0.02,
8/12/2015 1:00,0.09,0,
8/12/2015 1:15,0.08,0.01,
8/12/2015 1:30,0.06,0,
8/12/2015 1:45,0.05,0,
8/12/2015 2:00,0.03,0.02,
8/12/2015 2:15,0.03,0.02,
8/12/2015 2:30,0.03,0,
8/12/2015 2:45,0.06,0,
8/12/2015 3:00,0.06,0.02,
8/12/2015 3:15,0.06,0.01,
8/12/2015 3:30,0.05,0,
8/12/2015 3:45,0.05,0.01,
8/12/2015 4:00,0.05,0.01,
8/12/2015 4:15,0.05,0,
8/12/2015 4:30,0.01,0.01,
8/12/2015 4:45,0.01,0,
8/12/2015 5:00,0.05,0,
8/12/2015 5:15,0.03,0.02,
8/12/2015 5:30,0.03,0.01,
8/12/2015 5:45,0.01,0.01,
8/12/2015 6:00,0.09,0,
8/12/2015 6:15,0.06,0,
8/12/2015 6:30,0.02,0,
8/12/2015 6:45,0,0,
8/12/2015 7:00,0,0,
8/12/2015 7:15,0,0,
8/12/2015 7:30,0.03,0,
8/12/2015 7:45,0.04,0,
8/12/2015 8:00,0.04,0,
8/12/2015 8:15,0.01,0.01,
8/12/2015 8:30,0.03,0.02,
8/12/2015 8:45,0.06,0,
8/12/2015 9:00,0.02,0.01,
8/12/2015 9:15,0,0,
8/12/2015 9:30,0.02,0,
8/12/2015 9:45,0,0.02,
8/12/2015 10:00,0,0,
8/12/2015 10:15,0.01,0,
8/12/2015 10:30,0.02,0.01,
8/12/2015 10:45,0.01,0,
8/12/2015 11:00,0,0,
8/12/2015 11:15,0,0,
8/12/2015 11:30,0,0,
8/12/2015 11:45,0,0,
8/12/2015 12:00,0,0,
8/12/2015 12:15,0,0,
8/12/2015 12:30,0.03,0,
8/12/2015 12:45,0.03,0,
8/12/2015 13:00,0,0,
8/12/2015 13:15,0.02,0,
8/12/2015 13:30,0.01,0.02,
8/12/2015 13:45,0.01,0,
8/12/2015 14:00,0.03,0,
8/12/2015 14:15,0.09,0,
8/12/2015 14:30,0.01,0,
8/12/2015 14:45,0,0,
8/12/2015 15:00,0,0,
8/12/2015 15:15,0.01,0,
8/12/2015 15:30,0,0,
8/12/2015 15:45,0,0,
8/12/2015 16:00,0,0,
8/12/2015 16:15,0,0,
8/12/2015 16:30,0,0,
8/12/2015 16:45,0,0,
8/12/2015 17:00,0,0,
8/12/2015 17:15,0,0,
8/12/2015 17:30,0,0,
8/12/2015 17:45,0,0,
8/12/2015 18:00,0,0,
8/12/2015 18:15,0,0,
8/12/2015 18:30,0,0,
8/12/2015 18:45,0,0,
8/12/2015 19:00,0,0,
8/12/2015 19:15,0,0,
8/12/2015 19:30,0,0,
8/12/2015 19:45,0.01,0,
8/12/2015 20:00,0.07,0,
8/12/2015 20:15,0.05,0.02,
8/12/2015 20:30,0.05,0,
8/12/2015 20:45,0.04,0.02,
8/12/2015 21:00,0.03,0,
8/12/2015 21:15,0.03,0,
8/12/2015 21:30,0.01,0,
8/12/2015 21:45,0.02,0,
8/12/2015 22:00,0.05,0,
8/12/2015 22:15,0.05,0,
8/12/2015 22:30,0.02,0.01,
8/12/2015 22:45,0.03,0,
8/12/2015 23:00,0.04,0,
8/12/2015 23:15,0.03,0,
8/12/2015 23:30,0.02,0,
8/12/2015 23:45,0,0.01,
8/13/2015 0:00,0,0,
8/13/2015 0:15,0.01,0,
8/13/2015 0:30,0.02,0,
8/13/2015 0:45,0.03,0,
8/13/2015 1:00,0.04,0,
8/13/2015 1:15,0.02,0,
8/13/2015 1:30,0.02,0,
8/13/2015 1:45,0.02,0,
8/13/2015 2:00,0.03,0,
8/13/2015 2:15,0.07,0,
8/13/2015 2:30,0.12,0.01,
8/13/2015 2:45,0.05,0,
8/13/2015 3:00,0.04,0,
8/13/2015 3:15,0.06,0.01,
8/13/2015 3:30,0.1,0,
8/13/2015 3:45,0.04,0.02,
8/13/2015 4:00,0.06,0.02,
8/13/2015 4:15,0.02,0.03,
8/13/2015 4:30,0.08,0.02,
8/13/2015 4:45,0.13,0,
8/13/2015 5:00,0.07,0.02,
8/13/2015 5:15,0.05,0.04,
8/13/2015 5:30,0.02,0.01,
8/13/2015 5:45,0.03,0,
8/13/2015 6:00,0.05,0.01,
8/13/2015 6:15,0.06,0.01,
8/13/2015 6:30,0.1,0,
8/13/2015 6:45,0.05,0.05,
8/13/2015 7:00,0.03,0.01,
8/13/2015 7:15,0.01,0,
8/13/2015 7:30,0.02,0.01,
8/13/2015 7:45,0.04,0.02,
8/13/2015 8:00,0.03,0.01,
8/13/2015 8:15,0,0,
8/13/2015 8:30,0.02,0,
8/13/2015 8:45,0,0,
8/13/2015 9:00,0.01,0,
8/13/2015 9:15,0,0,
8/13/2015 9:30,0,0,
8/13/2015 9:45,0,0,
8/13/2015 10:00,0,0,
8/13/2015 10:15,0,0,
8/13/2015 10:30,0,0,
8/13/2015 10:45,0.01,0,
8/13/2015 11:00,0.01,0,
8/13/2015 11:15,0.03,0,
8/13/2015 11:30,0.02,0,
8/13/2015 11:45,0.01,0,
8/13/2015 12:00,0,0,
8/13/2015 12:15,0,0,
8/13/2015 12:30,0,0,
8/13/2015 12:45,0,0,
8/13/2015 13:00,0.01,0,
8/13/2015 13:15,0,0,
8/13/2015 13:30,0,0,
8/13/2015 13:45,0,0,
8/13/2015 14:00,0,0,
8/13/2015 14:15,0,0,
8/13/2015 14:30,0,0,
8/13/2015 14:45,0,0,
8/13/2015 15:00,0.01,0,
8/13/2015 15:15,0.03,0,
8/13/2015 15:30,0,0,
8/13/2015 15:45,0,0,
8/13/2015 16:00,0,0,
8/13/2015 16:15,0,0,
8/13/2015 16:30,0,0,
8/13/2015 16:45,0,0,
8/13/2015 17:00,0,0,
8/13/2015 17:15,0,0,
8/13/2015 17:30,0,0,
8/13/2015 17:45,0.01,0,
8/13/2015 18:00,0,0,
8/13/2015 18:15,0,0,
8/13/2015 18:30,0,0,
8/13/2015 18:45,0,0,
8/13/2015 19:00,0,0,
8/13/2015 19:15,0,0,
8/13/2015 19:30,0,0,
8/13/2015 19:45,0,0,
8/13/2015 20:00,0,0,
8/13/2015 20:15,0,0,
8/13/2015 20:30,0,0,
8/13/2015 20:45,0,0,
8/13/2015 21:00,0,0,
8/13/2015 21:15,0,0,
8/13/2015 21:30,0,0,
8/13/2015 21:45,0,0,
8/13/2015 22:00,0,0,
8/13/2015 22:15,0,0,
8/13/2015 22:30,0,0,
8/13/2015 22:45,0,0,
8/13/2015 23:00,0,0,
8/13/2015 23:15,0,0,
8/13/2015 23:30,0,0,
8/13/2015 23:45,0,0,
8/14/2015 0:00,0,0,
8/14/2015 0:15,0,0,
8/14/2015 0:30,0,0,
8/14/2015 0:45,0,0,
8/14/2015 1:00,0,0,
8/14/2015 1:15,0,0,
8/14/2015 1:30,0,0,
8/14/2015 1:45,0,0,
8/14/2015 2:00,0,0,
8/14/2015 2:15,0,0,
8/14/2015 2:30,0,0,
8/14/2015 2:45,0,0,
8/14/2015 3:00,0,0,
8/14/2015 3:15,0,0,
8/14/2015 3:30,0,0,
8/14/2015 3:45,0,0,
8/14/2015 4:00,0,0,
8/14/2015 4:15,0,0,
8/14/2015 4:30,0,0,
8/14/2015 4:45,0,0,
8/14/2015 5:00,0,0,
8/14/2015 5:15,0,0,
8/14/2015 5:30,0,0,
8/14/2015 5:45,0,0,
8/14/2015 6:00,0,0,
8/14/2015 6:15,0,0,
8/14/2015 6:30,0,0,
8/14/2015 6:45,0,0,
8/14/2015 7:00,0,0,
8/14/2015 7:15,0,0,
8/14/2015 7:30,0,0,
8/14/2015 7:45,0,0,
8/14/2015 8:00,0,0,
8/14/2015 8:15,0,0,
8/14/2015 8:30,0,0,
8/14/2015 8:45,0,0,
8/14/2015 9:00,0,0,
8/14/2015 9:15,0,0,
8/14/2015 9:30,0,0,
8/14/2015 9:45,0,0,
8/14/2015 10:00,0,0,
8/14/2015 10:15,0,0,
8/14/2015 10:30,0,0,
8/14/2015 10:45,0,0,
8/14/2015 11:00,0,0,
8/14/2015 11:15,0,0,
8/14/2015 11:30,0,0,
8/14/2015 11:45,0,0,
8/14/2015 12:00,0,0,
8/14/2015 12:15,0,0,
8/14/2015 12:30,0,0,
8/14/2015 12:45,0,0,
8/14/2015 13:00,0,0,
8/14/2015 13:15,0,0,
8/14/2015 13:30,0,0,
8/14/2015 13:45,0,0,
8/14/2015 14:00,0,0,
8/14/2015 14:15,0,0,
8/14/2015 14:30,0,0,
8/14/2015 14:45,0,0,
8/14/2015 15:00,0,0,
8/14/2015 15:15,0,0,
8/14/2015 15:30,0,0,
8/14/2015 15:45,0,0,
8/14/2015 16:00,0,0,
8/14/2015 16:15,0,0,
8/14/2015 16:30,0,0,
8/14/2015 16:45,0,0,
8/14/2015 17:00,0,0,
8/14/2015 17:15,0,0,
8/14/2015 17:30,0,0,
8/14/2015 17:45,0,0,
8/14/2015 18:00,0,0,
8/14/2015 18:15,0,0,
8/14/2015 18:30,0,0,
8/14/2015 18:45,0,0,
8/14/2015 19:00,0,0,
8/14/2015 19:15,0,0,
8/14/2015 19:30,0,0,
8/14/2015 19:45,0,0,
8/14/2015 20:00,0,0,
8/14/2015 20:15,0,0,
8/14/2015 20:30,0,0,
8/14/2015 20:45,0,0,
8/14/2015 21:00,0,0,
8/14/2015 21:15,0,0,
8/14/2015 21:30,0,0,
8/14/2015 21:45,0,0,
8/14/2015 22:00,0,0,
8/14/2015 22:15,0,0,
8/14/2015 22:30,0,0,
8/14/2015 22:45,0,0,
8/14/2015 23:00,0,0,
8/14/2015 23:15,0,0,
8/14/2015 23:30,0,0,
8/14/2015 23:45,0,0,
8/15/2015 0:00,0,0,
8/15/2015 0:15,0,0,
8/15/2015 0:30,0,0,
8/15/2015 0:45,0,0,
8/15/2015 1:00,0,0,
8/15/2015 1:15,0,0,
8/15/2015 1:30,0,0,
8/15/2015 1:45,0,0,
8/15/2015 2:00,0,0,
8/15/2015 2:15,0,0,
8/15/2015 2:30,0,0,
8/15/2015 2:45,0,0,
8/15/2015 3:00,0,0,
8/15/2015 3:15,0,0,
8/15/2015 3:30,0,0,
8/15/2015 3:45,0,0,
8/15/2015 4:00,0,0,
8/15/2015 4:15,0,0,
8/15/2015 4:30,0,0,
8/15/2015 4:45,0,0,
8/15/2015 5:00,0,0,
8/15/2015 5:15,0,0,
8/15/2015 5:30,0,0,
8/15/2015 5:45,0,0,
8/15/2015 6:00,0,0,
8/15/2015 6:15,0,0,
8/15/2015 6:30,0,0,
8/15/2015 6:45,0,0,
8/15/2015 7:00,0,0,
8/15/2015 7:15,0,0,
8/15/2015 7:30,0,0,
8/15/2015 7:45,0,0,
8/15/2015 8:00,0,0,
8/15/2015 8:15,0,0,
8/15/2015 8:30,0,0,
8/15/2015 8:45,0,0,
8/15/2015 9:00,0,0,
8/15/2015 9:15,0,0,
8/15/2015 9:30,0,0,
8/15/2015 9:45,0,0,
8/15/2015 10:00,0,0,
8/15/2015 10:15,0,0,
8/15/2015 10:30,0,0,
8/15/2015 10:45,0,0,
8/15/2015 11:00,0,0,
8/15/2015 11:15,0,0,
8/15/2015 11:30,0,0,
8/15/2015 11:45,0,0,
8/15/2015 12:00,0,0,
8/15/2015 12:15,0,0,
8/15/2015 12:30,0,0,
8/15/2015 12:45,0,0,
8/15/2015 13:00,0,0,
8/15/2015 13:15,0,0,
8/15/2015 13:30,0,0,
8/15/2015 13:45,0,0,
8/15/2015 14:00,0,0,
8/15/2015 14:15,0,0,
8/15/2015 14:30,0,0,
8/15/2015 14:45,0,0,
8/15/2015 15:00,0,0,
8/15/2015 15:15,0,0,
8/15/2015 15:30,0,0,
8/15/2015 15:45,0,0,
8/15/2015 16:00,0,0,
8/15/2015 16:15,0,0,
8/15/2015 16:30,0,0,
8/15/2015 16:45,0,0,
8/15/2015 17:00,0,0,
8/15/2015 17:15,0,0,
8/15/2015 17:30,0,0,
8/15/2015 17:45,0,0,
8/15/2015 18:00,0,0,
8/15/2015 18:15,0,0,
8/15/2015 18:30,0,0,
8/15/2015 18:45,0,0,
8/15/2015 19:00,0,0,
8/15/2015 19:15,0,0,
8/15/2015 19:30,0,0,
8/15/2015 19:45,0,0,
8/15/2015 20:00,0,0,
8/15/2015 20:15,0,0,
8/15/2015 20:30,0,0,
8/15/2015 20:45,0,0,
8/15/2015 21:00,0,0,
8/15/2015 21:15,0,0,
8/15/2015 21:30,0,0,
8/15/2015 21:45,0,0,
8/15/2015 22:00,0,0,
8/15/2015 22:15,0,0,
8/15/2015 22:30,0,0,
8/15/2015 22:45,0,0,
8/15/2015 23:00,0,0,
8/15/2015 23:15,0,0,
8/15/2015 23:30,0,0,
8/15/2015 23:45,0,0,
8/16/2015 0:00,0,0,
8/16/2015 0:15,0,0,
8/16/2015 0:30,0,0,
8/16/2015 0:45,0,0,
8/16/2015 1:00,0,0,
8/16/2015 1:15,0,0,
8/16/2015 1:30,0,0,
8/16/2015 1:45,0,0,
8/16/2015 2:00,0,0,
8/16/2015 2:15,0,0,
8/16/2015 2:30,0,0,
8/16/2015 2:45,0,0,
8/16/2015 3:00,0,0,
8/16/2015 3:15,0,0,
8/16/2015 3:30,0,0,
8/16/2015 3:45,0,0,
8/16/2015 4:00,0,0,
8/16/2015 4:15,0,0,
8/16/2015 4:30,0,0,
8/16/2015 4:45,0,0,
8/16/2015 5:00,0,0,
8/16/2015 5:15,0,0,
8/16/2015 5:30,0,0,
8/16/2015 5:45,0,0,
8/16/2015 6:00,0,0,
8/16/2015 6:15,0,0,
8/16/2015 6:30,0,0,
8/16/2015 6:45,0,0,
8/16/2015 7:00,0,0,
8/16/2015 7:15,0,0,
8/16/2015 7:30,0,0,
8/16/2015 7:45,0,0,
8/16/2015 8:00,0,0,
8/16/2015 8:15,0,0,
8/16/2015 8:30,0,0,
8/16/2015 8:45,0,0,
8/16/2015 9:00,0,0,
8/16/2015 9:15,0,0,
8/16/2015 9:30,0,0,
8/16/2015 9:45,0,0,
8/16/2015 10:00,0,0,
8/16/2015 10:15,0,0,
8/16/2015 10:30,0,0,
8/16/2015 10:45,0,0,
8/16/2015 11:00,0,0,
8/16/2015 11:15,0,0,
8/16/2015 11:30,0,0,
8/16/2015 11:45,0,0,
8/16/2015 12:00,0,0,
8/16/2015 12:15,0,0,
8/16/2015 12:30,0,0,
8/16/2015 12:45,0,0,
8/16/2015 13:00,0,0,
8/16/2015 13:15,0,0,
8/16/2015 13:30,0,0,
8/16/2015 13:45,0,0,
8/16/2015 14:00,0,0,
8/16/2015 14:15,0,0,
8/16/2015 14:30,0,0,
8/16/2015 14:45,0,0,
8/16/2015 15:00,0,0,
8/16/2015 15:15,0,0,
8/16/2015 15:30,0,0,
8/16/2015 15:45,0,0,
8/16/2015 16:00,0,0,
8/16/2015 16:15,0,0,
8/16/2015 16:30,0,0,
8/16/2015 16:45,0,0,
8/16/2015 17:00,0,0,
8/16/2015 17:15,0,0,
8/16/2015 17:30,0,0,
8/16/2015 17:45,0,0,
8/16/2015 18:00,0,0,
8/16/2015 18:15,0,0,
8/16/2015 18:30,0,0,
8/16/2015 18:45,0,0,
8/16/2015 19:00,0,0,
8/16/2015 19:15,0,0,
8/16/2015 19:30,0,0,
8/16/2015 19:45,0,0,
8/16/2015 20:00,0,0,
8/16/2015 20:15,0,0,
8/16/2015 20:30,0,0,
8/16/2015 20:45,0,0,
8/16/2015 21:00,0,0,
8/16/2015 21:15,0,0,
8/16/2015 21:30,0,0,
8/16/2015 21:45,0,0,
8/16/2015 22:00,0,0,
8/16/2015 22:15,0,0,
8/16/2015 22:30,0,0,
8/16/2015 22:45,0,0,
8/16/2015 23:00,0,0,
8/16/2015 23:15,0,0,
8/16/2015 23:30,0,0,
8/16/2015 23:45,0,0,
8/17/2015 0:00,0,0,
8/17/2015 0:15,0,0,
8/17/2015 0:30,0,0,
8/17/2015 0:45,0,0,
8/17/2015 1:00,0,0,
8/17/2015 1:15,0,0,
8/17/2015 1:30,0,0,
8/17/2015 1:45,0,0,
8/17/2015 2:00,0,0,
8/17/2015 2:15,0,0,
8/17/2015 2:30,0,0,
8/17/2015 2:45,0,0,
8/17/2015 3:00,0,0,
8/17/2015 3:15,0,0,
8/17/2015 3:30,0,0,
8/17/2015 3:45,0,0,
8/17/2015 4:00,0,0,
8/17/2015 4:15,0,0,
8/17/2015 4:30,0,0,
8/17/2015 4:45,0,0,
8/17/2015 5:00,0,0,
8/17/2015 5:15,0,0,
8/17/2015 5:30,0,0,
8/17/2015 5:45,0,0,
8/17/2015 6:00,0,0,
8/17/2015 6:15,0,0,
8/17/2015 6:30,0,0,
8/17/2015 6:45,0,0,
8/17/2015 7:00,0,0,
8/17/2015 7:15,0,0,
8/17/2015 7:30,0,0,
8/17/2015 7:45,0,0,
8/17/2015 8:00,0,0,
8/17/2015 8:15,0,0,
8/17/2015 8:30,0,0,
8/17/2015 8:45,0,0,
8/17/2015 9:00,0,0,
8/17/2015 9:15,0,0,
8/17/2015 9:30,0,0,
8/17/2015 9:45,0,0,
8/17/2015 10:00,0,0,
8/17/2015 10:15,0,0,
8/17/2015 10:30,0,0,
8/17/2015 10:45,0,0,
8/17/2015 11:00,0,0,
8/17/2015 11:15,0,0,
8/17/2015 11:30,0,0,
8/17/2015 11:45,0,0,
8/17/2015 12:00,0,0,
8/17/2015 12:15,0,0,
8/17/2015 12:30,0,0,
8/17/2015 12:45,0,0,
8/17/2015 13:00,0,0,
8/17/2015 13:15,0,0,
8/17/2015 13:30,0,0,
8/17/2015 13:45,0,0,
8/17/2015 14:00,0,0,
8/17/2015 14:15,0,0,
8/17/2015 14:30,0,0,
8/17/2015 14:45,0,0,
8/17/2015 15:00,0,0,
8/17/2015 15:15,0,0,
8/17/2015 15:30,0,0,
8/17/2015 15:45,0,0,
8/17/2015 16:00,0,0,
8/17/2015 16:15,0,0,
8/17/2015 16:30,0,0,
8/17/2015 16:45,0,0,
8/17/2015 17:00,0,0,
8/17/2015 17:15,0,0,
8/17/2015 17:30,0,0,
8/17/2015 17:45,0,0,
8/17/2015 18:00,0,0,
8/17/2015 18:15,0,0,
8/17/2015 18:30,0,0,
8/17/2015 18:45,0,0,
8/17/2015 19:00,0,0,
8/17/2015 19:15,0,0,
8/17/2015 19:30,0,0,
8/17/2015 19:45,0,0,
8/17/2015 20:00,0,0,
8/17/2015 20:15,0,0,
8/17/2015 20:30,0,0,
8/17/2015 20:45,0,0,
8/17/2015 21:00,0,0,
8/17/2015 21:15,0,0,
8/17/2015 21:30,0,0,
8/17/2015 21:45,0,0,
8/17/2015 22:00,0,0,
8/17/2015 22:15,0,0,
8/17/2015 22:30,0,0,
8/17/2015 22:45,0,0,
8/17/2015 23:00,0,0,
8/17/2015 23:15,0,0,
8/17/2015 23:30,0,0,
8/17/2015 23:45,0,0,
8/18/2015 0:00,0,0,
8/18/2015 0:15,0,0,
8/18/2015 0:30,0,0,
8/18/2015 0:45,0,0,
8/18/2015 1:00,0,0,
8/18/2015 1:15,0,0,
8/18/2015 1:30,0,0,
8/18/2015 1:45,0,0,
8/18/2015 2:00,0,0,
8/18/2015 2:15,0,0,
8/18/2015 2:30,0,0,
8/18/2015 2:45,0,0,
8/18/2015 3:00,0,0,
8/18/2015 3:15,0,0,
8/18/2015 3:30,0,0,
8/18/2015 3:45,0,0,
8/18/2015 4:00,0,0,
8/18/2015 4:15,0,0,
8/18/2015 4:30,0,0,
8/18/2015 4:45,0,0,
8/18/2015 5:00,0,0,
8/18/2015 5:15,0,0,
8/18/2015 5:30,0,0,
8/18/2015 5:45,0,0,
8/18/2015 6:00,0,0,
8/18/2015 6:15,0,0,
8/18/2015 6:30,0,0,
8/18/2015 6:45,0,0,
8/18/2015 7:00,0,0,
8/18/2015 7:15,0,0,
8/18/2015 7:30,0,0,
8/18/2015 7:45,0,0,
8/18/2015 8:00,0,0,
8/18/2015 8:15,0,0,
8/18/2015 8:30,0,0,
8/18/2015 8:45,0,0,
8/18/2015 9:00,0,0,
8/18/2015 9:15,0,0,
8/18/2015 9:30,0,0,
8/18/2015 9:45,0,0,
8/18/2015 10:00,0,0,
8/18/2015 10:15,0,0,
8/18/2015 10:30,0,0,
8/18/2015 10:45,0,0,
8/18/2015 11:00,0,0,
8/18/2015 11:15,0,0,
8/18/2015 11:30,0,0,
8/18/2015 11:45,0,0,
8/18/2015 12:00,0,0,
8/18/2015 12:15,0,0,
8/18/2015 12:30,0,0,
8/18/2015 12:45,0,0,
8/18/2015 13:00,0,0,
8/18/2015 13:15,0,0,
8/18/2015 13:30,0,0,
8/18/2015 13:45,0,0,
8/18/2015 14:00,0,0,
8/18/2015 14:15,0,0,
8/18/2015 14:30,0,0,
8/18/2015 14:45,0,0,
8/18/2015 15:00,0,0,
8/18/2015 15:15,0,0,
8/18/2015 15:30,0,0,
8/18/2015 15:45,0,0,
8/18/2015 16:00,0,0,
8/18/2015 16:15,0,0,
8/18/2015 16:30,0,0,
8/18/2015 16:45,0,0,
8/18/2015 17:00,0,0,
8/18/2015 17:15,0,0,
8/18/2015 17:30,0,0,
8/18/2015 17:45,0,0,
8/18/2015 18:00,0,0,
8/18/2015 18:15,0,0,
8/18/2015 18:30,0,0,
8/18/2015 18:45,0,0,
8/18/2015 19:00,0,0,
8/18/2015 19:15,0,0,
8/18/2015 19:30,0,0,
8/18/2015 19:45,0,0,
8/18/2015 20:00,0,0,
8/18/2015 20:15,0,0,
8/18/2015 20:30,0,0,
8/18/2015 20:45,0,0,
8/18/2015 21:00,0,0,
8/18/2015 21:15,0,0,
8/18/2015 21:30,0,0,
8/18/2015 21:45,0,0,
8/18/2015 22:00,0,0,
8/18/2015 22:15,0,0,
8/18/2015 22:30,0.03,0,
8/18/2015 22:45,0.03,0,
8/18/2015 23:00,0.01,0,
8/18/2015 23:15,0,0,
8/18/2015 23:30,0,0,
8/18/2015 23:45,0,0,
8/19/2015 0:00,0.02,0.01,
8/19/2015 0:15,0.05,0,
8/19/2015 0:30,0,0.01,
8/19/2015 0:45,0,0.01,
8/19/2015 1:00,0,0,
8/19/2015 1:15,0,0,
8/19/2015 1:30,0,0,
8/19/2015 1:45,0,0,
8/19/2015 2:00,0.01,0,
8/19/2015 2:15,0,0,
8/19/2015 2:30,0,0,
8/19/2015 2:45,0,0,
8/19/2015 3:00,0.04,0,
8/19/2015 3:15,0,0,
8/19/2015 3:30,0,0,
8/19/2015 3:45,0.01,0,
8/19/2015 4:00,0,0,
8/19/2015 4:15,0.01,0,
8/19/2015 4:30,0,0,
8/19/2015 4:45,0,0.06,
8/19/2015 5:00,0,0.1,
8/19/2015 5:15,0,0,
8/19/2015 5:30,0,0,
8/19/2015 5:45,0.01,0,
8/19/2015 6:00,0,0,
8/19/2015 6:15,0,0,
8/19/2015 6:30,0.01,0,
8/19/2015 6:45,0,0,
8/19/2015 7:00,0.02,0,
8/19/2015 7:15,0,0,
8/19/2015 7:30,0,0,
8/19/2015 7:45,0.01,0,
8/19/2015 8:00,0,0.01,
8/19/2015 8:15,0,0,
8/19/2015 8:30,0,0,
8/19/2015 8:45,0,0,
8/19/2015 9:00,0,0,
8/19/2015 9:15,0,0,
8/19/2015 9:30,0,0,
8/19/2015 9:45,0,0,
8/19/2015 10:00,0,0,
8/19/2015 10:15,0,0,
8/19/2015 10:30,0,0,
8/19/2015 10:45,0,0,
8/19/2015 11:00,0,0,
8/19/2015 11:15,0,0,
8/19/2015 11:30,0,0,
8/19/2015 11:45,0,0,
8/19/2015 12:00,0,0,
8/19/2015 12:15,0,0,
8/19/2015 12:30,0,0,
8/19/2015 12:45,0,0,
8/19/2015 13:00,0,0,
8/19/2015 13:15,0,0,
8/19/2015 13:30,0,0,
8/19/2015 13:45,0,0,
8/19/2015 14:00,0,0,
8/19/2015 14:15,0,0,
8/19/2015 14:30,0,0,
8/19/2015 14:45,0,0,
8/19/2015 15:00,0,0,
8/19/2015 15:15,0,0,
8/19/2015 15:30,0,0,
8/19/2015 15:45,0,0,
8/19/2015 16:00,0,0,
8/19/2015 16:15,0,0,
8/19/2015 16:30,0,0,
8/19/2015 16:45,0,0,
8/19/2015 17:00,0,0,
8/19/2015 17:15,0,0,
8/19/2015 17:30,0,0,
8/19/2015 17:45,0,0,
8/19/2015 18:00,0,0,
8/19/2015 18:15,0,0,
8/19/2015 18:30,0,0,
8/19/2015 18:45,0,0,
8/19/2015 19:00,0,0,
8/19/2015 19:15,0,0,
8/19/2015 19:30,0,0,
8/19/2015 19:45,0,0,
8/19/2015 20:00,0,0,
8/19/2015 20:15,0,0,
8/19/2015 20:30,0,0,
8/19/2015 20:45,0,0,
8/19/2015 21:00,0,0,
8/19/2015 21:15,0,0,
8/19/2015 21:30,0,0,
8/19/2015 21:45,0,0,
8/19/2015 22:00,0,0,
8/19/2015 22:15,0,0,
8/19/2015 22:30,0,0,
8/19/2015 22:45,0,0,
8/19/2015 23:00,0,0,
8/19/2015 23:15,0,0,
8/19/2015 23:30,0,0,
8/19/2015 23:45,0,0,
8/20/2015 0:00,0,0,
8/20/2015 0:15,0,0,
8/20/2015 0:30,0,0,
8/20/2015 0:45,0,0,
8/20/2015 1:00,0,0,
8/20/2015 1:15,0,0,
8/20/2015 1:30,0,0,
8/20/2015 1:45,0,0,
8/20/2015 2:00,0,0,
8/20/2015 2:15,0,0,
8/20/2015 2:30,0,0,
8/20/2015 2:45,0,0,
8/20/2015 3:00,0,0,
8/20/2015 3:15,0,0,
8/20/2015 3:30,0,0,
8/20/2015 3:45,0,0,
8/20/2015 4:00,0,0,
8/20/2015 4:15,0,0,
8/20/2015 4:30,0,0,
8/20/2015 4:45,0,0,
8/20/2015 5:00,0,0,
8/20/2015 5:15,0,0,
8/20/2015 5:30,0,0,
8/20/2015 5:45,0,0,
8/20/2015 6:00,0,0,
8/20/2015 6:15,0,0,
8/20/2015 6:30,0,0,
8/20/2015 6:45,0,0,
8/20/2015 7:00,0,0,
8/20/2015 7:15,0,0,
8/20/2015 7:30,0,0,
8/20/2015 7:45,0,0,
8/20/2015 8:00,0,0,
8/20/2015 8:15,0,0,
8/20/2015 8:30,0,0,
8/20/2015 8:45,0,0,
8/20/2015 9:00,0,0,
8/20/2015 9:15,0,0,
8/20/2015 9:30,0,0,
8/20/2015 9:45,0,0,
8/20/2015 10:00,0,0,
8/20/2015 10:15,0,0,
8/20/2015 10:30,0,0,
8/20/2015 10:45,0,0,
8/20/2015 11:00,0,0,
8/20/2015 11:15,0,0,
8/20/2015 11:30,0,0,
8/20/2015 11:45,0,0,
8/20/2015 12:00,0,0,
8/20/2015 12:15,0,0,
8/20/2015 12:30,0,0,
8/20/2015 12:45,0,0,
8/20/2015 13:00,0,0,
8/20/2015 13:15,0,0,
8/20/2015 13:30,0,0,
8/20/2015 13:45,0,0,
8/20/2015 14:00,0,0,
8/20/2015 14:15,0,0,
8/20/2015 14:30,0,0,
8/20/2015 14:45,0,0,
8/20/2015 15:00,0,0,
8/20/2015 15:15,0,0,
8/20/2015 15:30,0,0,
8/20/2015 15:45,0,0,
8/20/2015 16:00,0,0,
8/20/2015 16:15,0,0,
8/20/2015 16:30,0,0,
8/20/2015 16:45,0,0,
8/20/2015 17:00,0,0,
8/20/2015 17:15,0,0,
8/20/2015 17:30,0,0,
8/20/2015 17:45,0,0,
8/20/2015 18:00,0,0,
8/20/2015 18:15,0,0,
8/20/2015 18:30,0,0,
8/20/2015 18:45,0,0,
8/20/2015 19:00,0,0,
8/20/2015 19:15,0,0,
8/20/2015 19:30,0,0,
8/20/2015 19:45,0,0,
8/20/2015 20:00,0,0,
8/20/2015 20:15,0,0,
8/20/2015 20:30,0,0,
8/20/2015 20:45,0,0,
8/20/2015 21:00,0,0,
8/20/2015 21:15,0,0,
8/20/2015 21:30,0,0,
8/20/2015 21:45,0,0,
8/20/2015 22:00,0,0,
8/20/2015 22:15,0,0,
8/20/2015 22:30,0,0,
8/20/2015 22:45,0,0,
8/20/2015 23:00,0,0,
8/20/2015 23:15,0,0,
8/20/2015 23:30,0,0,
8/20/2015 23:45,0,0,
8/21/2015 0:00,0,0,
8/21/2015 0:15,0,0,
8/21/2015 0:30,0,0,
8/21/2015 0:45,0,0,
8/21/2015 1:00,0,0,
8/21/2015 1:15,0,0,
8/21/2015 1:30,0,0,
8/21/2015 1:45,0,0,
8/21/2015 2:00,0,0,
8/21/2015 2:15,0,0,
8/21/2015 2:30,0,0,
8/21/2015 2:45,0,0,
8/21/2015 3:00,0,0,
8/21/2015 3:15,0,0,
8/21/2015 3:30,0,0,
8/21/2015 3:45,0,0,
8/21/2015 4:00,0,0,
8/21/2015 4:15,0,0,
8/21/2015 4:30,0,0,
8/21/2015 4:45,0,0,
8/21/2015 5:00,0,0,
8/21/2015 5:15,0,0,
8/21/2015 5:30,0,0,
8/21/2015 5:45,0,0,
8/21/2015 6:00,0,0,
8/21/2015 6:15,0,0,
8/21/2015 6:30,0,0,
8/21/2015 6:45,0,0,
8/21/2015 7:00,0,0,
8/21/2015 7:15,0,0,
8/21/2015 7:30,0,0,
8/21/2015 7:45,0,0,
8/21/2015 8:00,0,0,
8/21/2015 8:15,0,0,
8/21/2015 8:30,0,0,
8/21/2015 8:45,0,0,
8/21/2015 9:00,0,0,
8/21/2015 9:15,0,0,
8/21/2015 9:30,0,0,
8/21/2015 9:45,0,0,
8/21/2015 10:00,0,0,
8/21/2015 10:15,0,0,
8/21/2015 10:30,0,0,
8/21/2015 10:45,0,0,
8/21/2015 11:00,0,0,
8/21/2015 11:15,0,0,
8/21/2015 11:30,0,0,
8/21/2015 11:45,0,0,
8/21/2015 12:00,0,0,
8/21/2015 12:15,0,0,
8/21/2015 12:30,0,0,
8/21/2015 12:45,0,0,
8/21/2015 13:00,0,0,
8/21/2015 13:15,0,0,
8/21/2015 13:30,0,0,
8/21/2015 13:45,0,0,
8/21/2015 14:00,0,0,
8/21/2015 14:15,0,0,
8/21/2015 14:30,0,0,
8/21/2015 14:45,0,0,
8/21/2015 15:00,0,0,
8/21/2015 15:15,0,0,
8/21/2015 15:30,0,0,
8/21/2015 15:45,0,0,
8/21/2015 16:00,0,0,
8/21/2015 16:15,0,0,
8/21/2015 16:30,0,0,
8/21/2015 16:45,0,0,
8/21/2015 17:00,0,0,
8/21/2015 17:15,0,0,
8/21/2015 17:30,0,0,
8/21/2015 17:45,0,0,
8/21/2015 18:00,0,0,
8/21/2015 18:15,0,0,
8/21/2015 18:30,0,0,
8/21/2015 18:45,0,0,
8/21/2015 19:00,0,0,
8/21/2015 19:15,0,0,
8/21/2015 19:30,0,0,
8/21/2015 19:45,0,0,
8/21/2015 20:00,0,0,
8/21/2015 20:15,0,0,
8/21/2015 20:30,0,0,
8/21/2015 20:45,0,0,
8/21/2015 21:00,0,0,
8/21/2015 21:15,0,0,
8/21/2015 21:30,0,0,
8/21/2015 21:45,0,0,
8/21/2015 22:00,0,0,
8/21/2015 22:15,0,0,
8/21/2015 22:30,0,0,
8/21/2015 22:45,0,0,
8/21/2015 23:00,0,0,
8/21/2015 23:15,0,0,
8/21/2015 23:30,0,0,
8/21/2015 23:45,0,0,
8/22/2015 0:00,0,0,
8/22/2015 0:15,0,0,
8/22/2015 0:30,0,0,
8/22/2015 0:45,0,0,
8/22/2015 1:00,0,0,
8/22/2015 1:15,0,0,
8/22/2015 1:30,0,0,
8/22/2015 1:45,0,0,
8/22/2015 2:00,0,0,
8/22/2015 2:15,0,0,
8/22/2015 2:30,0,0,
8/22/2015 2:45,0,0,
8/22/2015 3:00,0,0,
8/22/2015 3:15,0,0,
8/22/2015 3:30,0,0,
8/22/2015 3:45,0,0,
8/22/2015 4:00,0,0,
8/22/2015 4:15,0,0,
8/22/2015 4:30,0,0,
8/22/2015 4:45,0,0,
8/22/2015 5:00,0,0,
8/22/2015 5:15,0,0,
8/22/2015 5:30,0,0,
8/22/2015 5:45,0,0,
8/22/2015 6:00,0,0,
8/22/2015 6:15,0,0,
8/22/2015 6:30,0,0,
8/22/2015 6:45,0,0,
8/22/2015 7:00,0,0,
8/22/2015 7:15,0,0,
8/22/2015 7:30,0,0,
8/22/2015 7:45,0,0,
8/22/2015 8:00,0,0,
8/22/2015 8:15,0,0,
8/22/2015 8:30,0,0,
8/22/2015 8:45,0,0,
8/22/2015 9:00,0,0,
8/22/2015 9:15,0,0,
8/22/2015 9:30,0,0,
8/22/2015 9:45,0,0,
8/22/2015 10:00,0,0,
8/22/2015 10:15,0,0,
8/22/2015 10:30,0,0,
8/22/2015 10:45,0,0,
8/22/2015 11:00,0,0,
8/22/2015 11:15,0,0,
8/22/2015 11:30,0,0,
8/22/2015 11:45,0,0,
8/22/2015 12:00,0,0,
8/22/2015 12:15,0,0,
8/22/2015 12:30,0,0,
8/22/2015 12:45,0,0,
8/22/2015 13:00,0,0,
8/22/2015 13:15,0,0,
8/22/2015 13:30,0,0,
8/22/2015 13:45,0,0,
8/22/2015 14:00,0,0,
8/22/2015 14:15,0,0,
8/22/2015 14:30,0,0,
8/22/2015 14:45,0,0,
8/22/2015 15:00,0,0,
8/22/2015 15:15,0,0,
8/22/2015 15:30,0,0,
8/22/2015 15:45,0,0,
8/22/2015 16:00,0,0,
8/22/2015 16:15,0,0,
8/22/2015 16:30,0,0,
8/22/2015 16:45,0,0,
8/22/2015 17:00,0,0,
8/22/2015 17:15,0,0,
8/22/2015 17:30,0,0,
8/22/2015 17:45,0,0,
8/22/2015 18:00,0,0,
8/22/2015 18:15,0,0,
8/22/2015 18:30,0,0,
8/22/2015 18:45,0,0,
8/22/2015 19:00,0,0,
8/22/2015 19:15,0,0,
8/22/2015 19:30,0,0,
8/22/2015 19:45,0,0,
8/22/2015 20:00,0,0,
8/22/2015 20:15,0,0,
8/22/2015 20:30,0,0,
8/22/2015 20:45,0,0,
8/22/2015 21:00,0,0,
8/22/2015 21:15,0,0,
8/22/2015 21:30,0,0,
8/22/2015 21:45,0,0,
8/22/2015 22:00,0,0,
8/22/2015 22:15,0,0,
8/22/2015 22:30,0,0,
8/22/2015 22:45,0,0,
8/22/2015 23:00,0.01,0,
8/22/2015 23:15,0,0.02,
8/22/2015 23:30,0,0,
8/22/2015 23:45,0,0,
8/23/2015 0:00,0,0,
8/23/2015 0:15,0,0,
8/23/2015 0:30,0,0,
8/23/2015 0:45,0,0,
8/23/2015 1:00,0,0,
8/23/2015 1:15,0.01,0,
8/23/2015 1:30,0,0,
8/23/2015 1:45,0,0,
8/23/2015 2:00,0.01,0,
8/23/2015 2:15,0.01,0,
8/23/2015 2:30,0,0,
8/23/2015 2:45,0,0,
8/23/2015 3:00,0.02,0,
8/23/2015 3:15,0,0,
8/23/2015 3:30,0,0.01,
8/23/2015 3:45,0.01,0,
8/23/2015 4:00,0.01,0,
8/23/2015 4:15,0,0,
8/23/2015 4:30,0.02,0.01,
8/23/2015 4:45,0,0,
8/23/2015 5:00,0,0,
8/23/2015 5:15,0,0,
8/23/2015 5:30,0.01,0,
8/23/2015 5:45,0,0,
8/23/2015 6:00,0,0,
8/23/2015 6:15,0.01,0,
8/23/2015 6:30,0,0.01,
8/23/2015 6:45,0,0,
8/23/2015 7:00,0.01,0,
8/23/2015 7:15,0,0,
8/23/2015 7:30,0,0,
8/23/2015 7:45,0,0,
8/23/2015 8:00,0,0,
8/23/2015 8:15,0,0,
8/23/2015 8:30,0,0,
8/23/2015 8:45,0.01,0,
8/23/2015 9:00,0.02,0.01,
8/23/2015 9:15,0.02,0.01,
8/23/2015 9:30,0.01,0.02,
8/23/2015 9:45,0.01,0.01,
8/23/2015 10:00,0.02,0.01,
8/23/2015 10:15,0.01,0.01,
8/23/2015 10:30,0.01,0.01,
8/23/2015 10:45,0.03,0.04,
8/23/2015 11:00,0.01,0.02,
8/23/2015 11:15,0.02,0.01,
8/23/2015 11:30,0,0,
8/23/2015 11:45,0,0,
8/23/2015 12:00,0,0,
8/23/2015 12:15,0,0,
8/23/2015 12:30,0,0,
8/23/2015 12:45,0,0,
8/23/2015 13:00,0,0,
8/23/2015 13:15,0.01,0,
8/23/2015 13:30,0.04,0,
8/23/2015 13:45,0.01,0,
8/23/2015 14:00,0.01,0,
8/23/2015 14:15,0,0,
8/23/2015 14:30,0.01,0,
8/23/2015 14:45,0.02,0,
8/23/2015 15:00,0.04,0,
8/23/2015 15:15,0.03,0,
8/23/2015 15:30,0.03,0,
8/23/2015 15:45,0.02,0,
8/23/2015 16:00,0.03,0,
8/23/2015 16:15,0,0,
8/23/2015 16:30,0,0,
8/23/2015 16:45,0,0,
8/23/2015 17:00,0.01,0,
8/23/2015 17:15,0,0,
8/23/2015 17:30,0,0,
8/23/2015 17:45,0,0,
8/23/2015 18:00,0,0,
8/23/2015 18:15,0,0,
8/23/2015 18:30,0,0,
8/23/2015 18:45,0,0,
8/23/2015 19:00,0,0,
8/23/2015 19:15,0,0,
8/23/2015 19:30,0,0,
8/23/2015 19:45,0,0,
8/23/2015 20:00,0,0,
8/23/2015 20:15,0,0,
8/23/2015 20:30,0,0,
8/23/2015 20:45,0,0,
8/23/2015 21:00,0,0,
8/23/2015 21:15,0,0,
8/23/2015 21:30,0,0,
8/23/2015 21:45,0,0,
8/23/2015 22:00,0,0,
8/23/2015 22:15,0,0,
8/23/2015 22:30,0,0,
8/23/2015 22:45,0,0,
8/23/2015 23:00,0,0,
8/23/2015 23:15,0,0,
8/23/2015 23:30,0,0,
8/23/2015 23:45,0,0,
8/24/2015 0:00,0,0,
8/24/2015 0:15,0,0,
8/24/2015 0:30,0,0,
8/24/2015 0:45,0,0,
8/24/2015 1:00,0,0,
8/24/2015 1:15,0,0,
8/24/2015 1:30,0,0,
8/24/2015 1:45,0,0,
8/24/2015 2:00,0,0,
8/24/2015 2:15,0,0,
8/24/2015 2:30,0,0,
8/24/2015 2:45,0,0,
8/24/2015 3:00,0,0,
8/24/2015 3:15,0,0,
8/24/2015 3:30,0,0,
8/24/2015 3:45,0,0,
8/24/2015 4:00,0,0,
8/24/2015 4:15,0,0,
8/24/2015 4:30,0,0,
8/24/2015 4:45,0,0,
8/24/2015 5:00,0,0,
8/24/2015 5:15,0,0,
8/24/2015 5:30,0,0,
8/24/2015 5:45,0,0,
8/24/2015 6:00,0,0,
8/24/2015 6:15,0,0,
8/24/2015 6:30,0,0,
8/24/2015 6:45,0,0,
8/24/2015 7:00,0,0,
8/24/2015 7:15,0,0,
8/24/2015 7:30,0,0,
8/24/2015 7:45,0,0,
8/24/2015 8:00,0,0,
8/24/2015 8:15,0,0,
8/24/2015 8:30,0,0,
8/24/2015 8:45,0,0,
8/24/2015 9:00,0,0,
8/24/2015 9:15,0.01,0,
8/24/2015 9:30,0,0,
8/24/2015 9:45,0,0,
8/24/2015 10:00,0,0,
8/24/2015 10:15,0,0,
8/24/2015 10:30,0,0,
8/24/2015 10:45,0,0,
8/24/2015 11:00,0,0,
8/24/2015 11:15,0,0,
8/24/2015 11:30,0,0,
8/24/2015 11:45,0,0,
8/24/2015 12:00,0,0,
8/24/2015 12:15,0,0,
8/24/2015 12:30,0,0,
8/24/2015 12:45,0,0,
8/24/2015 13:00,0,0,
8/24/2015 13:15,0,0,
8/24/2015 13:30,0,0,
8/24/2015 13:45,0,0,
8/24/2015 14:00,0,0,
8/24/2015 14:15,0,0,
8/24/2015 14:30,0,0,
8/24/2015 14:45,0,0,
8/24/2015 15:00,0,0,
8/24/2015 15:15,0,0,
8/24/2015 15:30,0,0,
8/24/2015 15:45,0,0,
8/24/2015 16:00,0,0,
8/24/2015 16:15,0,0,
8/24/2015 16:30,0,0,
8/24/2015 16:45,0,0,
8/24/2015 17:00,0,0,
8/24/2015 17:15,0,0,
8/24/2015 17:30,0,0,
8/24/2015 17:45,0,0,
8/24/2015 18:00,0,0,
8/24/2015 18:15,0,0,
8/24/2015 18:30,0,0,
8/24/2015 18:45,0,0,
8/24/2015 19:00,0,0,
8/24/2015 19:15,0,0,
8/24/2015 19:30,0,0,
8/24/2015 19:45,0,0,
